{
 "media/panorama_CA423771_DBB7_F413_41C3_0D355D63A920_0/b/0/2_1.jpg": {
  "size": 7385
 },
 "media/panorama_CBFBDDCD_DB91_D473_41BC_ACAA1C31DBB5_0/f/0/0_1.jpg": {
  "size": 6648
 },
 "media/panorama_CB758832_DBB0_7C11_41E1_D49EC19CD9F2_0/b/0/2_1.jpg": {
  "size": 9396
 },
 "media/panorama_CBCD6822_DB90_5C31_41E8_D76D0E29E1B1_0/r/0/0_0.jpg": {
  "size": 9306
 },
 "lib/cursors/E.cur": {
  "size": 3542
 },
 "media/panorama_D4373514_DBB0_5411_41E3_3F811A9931A3_0/d/0/2_1.jpg": {
  "size": 19063
 },
 "media/panorama_CB758832_DBB0_7C11_41E1_D49EC19CD9F2_0/d/1/1_0.jpg": {
  "size": 16006
 },
 "media/panorama_CBFBDDCD_DB91_D473_41BC_ACAA1C31DBB5_0/f/0/2_1.jpg": {
  "size": 7857
 },
 "media/panorama_CBFBDDCD_DB91_D473_41BC_ACAA1C31DBB5_0/u/0/2_1.jpg": {
  "size": 8769
 },
 "media/panorama_CA423771_DBB7_F413_41C3_0D355D63A920_0/u/0/0_0.jpg": {
  "size": 7114
 },
 "media/panorama_D4A11BCC_DBB0_FC71_41D0_94884094A022_0/d/1/0_0.jpg": {
  "size": 11511
 },
 "media/panorama_CA423771_DBB7_F413_41C3_0D355D63A920_0/l/1/0_0.jpg": {
  "size": 19949
 },
 "media/panorama_CA0D2937_DB90_5C1F_41C1_3A22D6FAEAF2_0/l/0/2_0.jpg": {
  "size": 7418
 },
 "media/panorama_D4F951E6_DBB0_4C31_41C3_F5A2780BAC65_0/u/0/1_2.jpg": {
  "size": 13001
 },
 "media/panorama_CBCD6822_DB90_5C31_41E8_D76D0E29E1B1_0/f/1/1_0.jpg": {
  "size": 16127
 },
 "media/panorama_D4F951E6_DBB0_4C31_41C3_F5A2780BAC65_0/u/0/0_1.jpg": {
  "size": 8443
 },
 "media/panorama_D4F951E6_DBB0_4C31_41C3_F5A2780BAC65_1_HS_7_0_0_map.gif": {
  "size": 861
 },
 "media/panorama_D4373514_DBB0_5411_41E3_3F811A9931A3_0/f/1/1_1.jpg": {
  "size": 6490
 },
 "media/panorama_CA0D2937_DB90_5C1F_41C1_3A22D6FAEAF2_0/l/1/0_1.jpg": {
  "size": 22281
 },
 "media/panorama_C9F9CB78_DB90_FC11_41E9_6E303CA66A0D_0/b/0/2_2.jpg": {
  "size": 11809
 },
 "media/panorama_CA423771_DBB7_F413_41C3_0D355D63A920_0/d/1/0_1.jpg": {
  "size": 11739
 },
 "media/panorama_CB758832_DBB0_7C11_41E1_D49EC19CD9F2_0/f/0/0_2.jpg": {
  "size": 3845
 },
 "media/panorama_D4373514_DBB0_5411_41E3_3F811A9931A3_0/b/0/1_2.jpg": {
  "size": 11093
 },
 "media/map_EC81520A_E266_EAB5_41E5_A93A73CA8842_HS_14_map.gif": {
  "size": 858
 },
 "media/panorama_CBCD6822_DB90_5C31_41E8_D76D0E29E1B1_0/u/1/0_1.jpg": {
  "size": 6612
 },
 "media/panorama_CA423771_DBB7_F413_41C3_0D355D63A920_0/f/1/0_1.jpg": {
  "size": 8994
 },
 "media/panorama_CB758832_DBB0_7C11_41E1_D49EC19CD9F2_0/u/1/0_1.jpg": {
  "size": 6847
 },
 "media/panorama_CBFBDDCD_DB91_D473_41BC_ACAA1C31DBB5_0/r/0/2_0.jpg": {
  "size": 10118
 },
 "media/panorama_D4F951E6_DBB0_4C31_41C3_F5A2780BAC65_0/b/0/0_0.jpg": {
  "size": 12577
 },
 "media/panorama_CB758832_DBB0_7C11_41E1_D49EC19CD9F2_0/l/1/0_0.jpg": {
  "size": 15901
 },
 "media/panorama_CA0D2937_DB90_5C1F_41C1_3A22D6FAEAF2_0/d/1/0_1.jpg": {
  "size": 11944
 },
 "media/panorama_C9F9CB78_DB90_FC11_41E9_6E303CA66A0D_0/u/0/1_0.jpg": {
  "size": 13130
 },
 "media/panorama_D4373514_DBB0_5411_41E3_3F811A9931A3_1_HS_4_1_0_map.gif": {
  "size": 381
 },
 "media/panorama_CBCD6822_DB90_5C31_41E8_D76D0E29E1B1_0/f/0/1_0.jpg": {
  "size": 9952
 },
 "media/panorama_CBCD6822_DB90_5C31_41E8_D76D0E29E1B1_0/r/1/0_0.jpg": {
  "size": 11292
 },
 "media/panorama_D4F951E6_DBB0_4C31_41C3_F5A2780BAC65_0/f/1/1_0.jpg": {
  "size": 12000
 },
 "media/panorama_CA423771_DBB7_F413_41C3_0D355D63A920_0/u/0/1_1.jpg": {
  "size": 5400
 },
 "media/panorama_CBFBDDCD_DB91_D473_41BC_ACAA1C31DBB5_0/b/1/1_0.jpg": {
  "size": 8256
 },
 "media/panorama_CBCD6822_DB90_5C31_41E8_D76D0E29E1B1_0/b/1/1_1.jpg": {
  "size": 9019
 },
 "media/panorama_CB758832_DBB0_7C11_41E1_D49EC19CD9F2_0/u/0/1_0.jpg": {
  "size": 5260
 },
 "media/panorama_CB758832_DBB0_7C11_41E1_D49EC19CD9F2_0/r/1/1_1.jpg": {
  "size": 13402
 },
 "lib/cursors/FE.cur": {
  "size": 4526
 },
 "media/panorama_CBFBDDCD_DB91_D473_41BC_ACAA1C31DBB5_0/d/1/1_1.jpg": {
  "size": 13249
 },
 "skin/Button_F0FA9EC7_E4EE_5375_41BE_F26B3FC7C264_pressed.png": {
  "size": 353
 },
 "media/panorama_C9F9CB78_DB90_FC11_41E9_6E303CA66A0D_0/b/1/0_1.jpg": {
  "size": 18585
 },
 "skin/IconButton_F0745506_E4F1_F6F6_41CD_D7A14257209E.png": {
  "size": 5744
 },
 "media/panorama_D4373514_DBB0_5411_41E3_3F811A9931A3_0/r/1/0_1.jpg": {
  "size": 13484
 },
 "media/panorama_D4F951E6_DBB0_4C31_41C3_F5A2780BAC65_0/l/0/0_2.jpg": {
  "size": 5717
 },
 "media/panorama_CBFBDDCD_DB91_D473_41BC_ACAA1C31DBB5_0/f/0/1_2.jpg": {
  "size": 3980
 },
 "media/panorama_CBFBDDCD_DB91_D473_41BC_ACAA1C31DBB5_0/b/0/2_0.jpg": {
  "size": 6646
 },
 "media/panorama_CA423771_DBB7_F413_41C3_0D355D63A920_0/u/0/0_1.jpg": {
  "size": 8983
 },
 "media/panorama_D4F951E6_DBB0_4C31_41C3_F5A2780BAC65_0/b/0/2_0.jpg": {
  "size": 8613
 },
 "media/panorama_CA0D2937_DB90_5C1F_41C1_3A22D6FAEAF2_0/r/1/1_1.jpg": {
  "size": 12733
 },
 "media/panorama_CBFBDDCD_DB91_D473_41BC_ACAA1C31DBB5_0/d/0/1_0.jpg": {
  "size": 9507
 },
 "media/panorama_CA423771_DBB7_F413_41C3_0D355D63A920_0/r/2/0_0.jpg": {
  "size": 8283
 },
 "media/panorama_CA423771_DBB7_F413_41C3_0D355D63A920_0/l/0/2_2.jpg": {
  "size": 4796
 },
 "media/panorama_CA0D2937_DB90_5C1F_41C1_3A22D6FAEAF2_0/d/0/0_0.jpg": {
  "size": 12884
 },
 "media/panorama_C9F9CB78_DB90_FC11_41E9_6E303CA66A0D_0/l/2/0_0.jpg": {
  "size": 15961
 },
 "media/panorama_CA0D2937_DB90_5C1F_41C1_3A22D6FAEAF2_0/b/1/1_1.jpg": {
  "size": 8801
 },
 "media/panorama_D4A11BCC_DBB0_FC71_41D0_94884094A022_0/b/0/1_0.jpg": {
  "size": 18849
 },
 "media/panorama_CBFBDDCD_DB91_D473_41BC_ACAA1C31DBB5_0/l/0/2_1.jpg": {
  "size": 14750
 },
 "media/panorama_D4A11BCC_DBB0_FC71_41D0_94884094A022_0/b/1/1_1.jpg": {
  "size": 9250
 },
 "media/panorama_CBCD6822_DB90_5C31_41E8_D76D0E29E1B1_0/l/1/0_0.jpg": {
  "size": 18686
 },
 "media/panorama_D4373514_DBB0_5411_41E3_3F811A9931A3_0/f/0/1_0.jpg": {
  "size": 5663
 },
 "media/panorama_C9F9CB78_DB90_FC11_41E9_6E303CA66A0D_0/f/0/0_1.jpg": {
  "size": 7974
 },
 "media/panorama_D4A11BCC_DBB0_FC71_41D0_94884094A022_0/b/1/0_0.jpg": {
  "size": 8362
 },
 "media/panorama_CA423771_DBB7_F413_41C3_0D355D63A920_0/d/0/0_2.jpg": {
  "size": 9438
 },
 "media/panorama_CA423771_DBB7_F413_41C3_0D355D63A920_0/l/2/0_0.jpg": {
  "size": 22451
 },
 "lib/cursors/FSE.cur": {
  "size": 4526
 },
 "media/panorama_CBCD6822_DB90_5C31_41E8_D76D0E29E1B1_0/r/0/2_1.jpg": {
  "size": 8716
 },
 "media/panorama_CA423771_DBB7_F413_41C3_0D355D63A920_0/u/1/1_0.jpg": {
  "size": 7510
 },
 "media/panorama_D4A11BCC_DBB0_FC71_41D0_94884094A022_0/f/0/0_1.jpg": {
  "size": 10831
 },
 "media/panorama_D4A11BCC_DBB0_FC71_41D0_94884094A022_0/f/0/2_1.jpg": {
  "size": 9055
 },
 "media/panorama_D4373514_DBB0_5411_41E3_3F811A9931A3_0/d/0/2_2.jpg": {
  "size": 14573
 },
 "media/panorama_CB758832_DBB0_7C11_41E1_D49EC19CD9F2_0/l/0/0_1.jpg": {
  "size": 10180
 },
 "media/panorama_C9F9CB78_DB90_FC11_41E9_6E303CA66A0D_0/b/0/0_2.jpg": {
  "size": 19833
 },
 "media/panorama_CBCD6822_DB90_5C31_41E8_D76D0E29E1B1_0/f/1/0_0.jpg": {
  "size": 12148
 },
 "media/panorama_CBCD6822_DB90_5C31_41E8_D76D0E29E1B1_0/f/0/2_0.jpg": {
  "size": 15064
 },
 "media/panorama_D4F951E6_DBB0_4C31_41C3_F5A2780BAC65_0/u/1/1_0.jpg": {
  "size": 5254
 },
 "media/panorama_CBCD6822_DB90_5C31_41E8_D76D0E29E1B1_0_HS_0_1_0_map.gif": {
  "size": 498
 },
 "media/panorama_CBFBDDCD_DB91_D473_41BC_ACAA1C31DBB5_0/u/0/1_2.jpg": {
  "size": 9245
 },
 "media/panorama_D4373514_DBB0_5411_41E3_3F811A9931A3_0/u/0/0_1.jpg": {
  "size": 6767
 },
 "media/panorama_CBFBDDCD_DB91_D473_41BC_ACAA1C31DBB5_0/u/2/0_0.jpg": {
  "size": 17329
 },
 "media/panorama_D4F951E6_DBB0_4C31_41C3_F5A2780BAC65_0/r/0/0_0.jpg": {
  "size": 10003
 },
 "media/panorama_CB758832_DBB0_7C11_41E1_D49EC19CD9F2_1_HS_1_0_0_map.gif": {
  "size": 861
 },
 "media/panorama_D4A11BCC_DBB0_FC71_41D0_94884094A022_0/r/0/1_0.jpg": {
  "size": 20217
 },
 "media/panorama_CBCD6822_DB90_5C31_41E8_D76D0E29E1B1_0/d/0/0_2.jpg": {
  "size": 11117
 },
 "media/panorama_D4F951E6_DBB0_4C31_41C3_F5A2780BAC65_1_HS_7_0.png": {
  "size": 711531
 },
 "media/panorama_CA0D2937_DB90_5C1F_41C1_3A22D6FAEAF2_0/f/0/0_1.jpg": {
  "size": 11780
 },
 "media/panorama_CBFBDDCD_DB91_D473_41BC_ACAA1C31DBB5_0/r/1/1_0.jpg": {
  "size": 12239
 },
 "media/panorama_CBCD6822_DB90_5C31_41E8_D76D0E29E1B1_0/l/0/0_0.jpg": {
  "size": 12676
 },
 "media/panorama_D4A11BCC_DBB0_FC71_41D0_94884094A022_0/l/0/1_2.jpg": {
  "size": 7278
 },
 "media/panorama_CA0D2937_DB90_5C1F_41C1_3A22D6FAEAF2_0/r/0/2_0.jpg": {
  "size": 6442
 },
 "media/panorama_CBFBDDCD_DB91_D473_41BC_ACAA1C31DBB5_0/b/0/1_0.jpg": {
  "size": 5940
 },
 "media/panorama_CBFBDDCD_DB91_D473_41BC_ACAA1C31DBB5_0/f/2/0_0.jpg": {
  "size": 14027
 },
 "media/panorama_CA423771_DBB7_F413_41C3_0D355D63A920_0/l/0/0_1.jpg": {
  "size": 7333
 },
 "media/panorama_CBFBDDCD_DB91_D473_41BC_ACAA1C31DBB5_0/u/1/1_0.jpg": {
  "size": 14121
 },
 "media/panorama_C9F9CB78_DB90_FC11_41E9_6E303CA66A0D_0/f/0/0_0.jpg": {
  "size": 5527
 },
 "media/panorama_CA0D2937_DB90_5C1F_41C1_3A22D6FAEAF2_0/r/1/0_1.jpg": {
  "size": 14226
 },
 "media/panorama_CA423771_DBB7_F413_41C3_0D355D63A920_0/l/0/1_2.jpg": {
  "size": 8755
 },
 "media/panorama_D4373514_DBB0_5411_41E3_3F811A9931A3_1_HS_4_0.png": {
  "size": 5138
 },
 "lib/cursors/NW.cur": {
  "size": 3542
 },
 "loading/HTMLImage_E946F9ED_E4D2_313A_41D9_6A40F2B5800C.jpg": {
  "size": 139022
 },
 "media/panorama_CBFBDDCD_DB91_D473_41BC_ACAA1C31DBB5_0/b/0/0_1.jpg": {
  "size": 9514
 },
 "media/panorama_CA423771_DBB7_F413_41C3_0D355D63A920_0/f/0/2_0.jpg": {
  "size": 5864
 },
 "media/panorama_CA423771_DBB7_F413_41C3_0D355D63A920_0/r/0/2_1.jpg": {
  "size": 4085
 },
 "media/panorama_CBFBDDCD_DB91_D473_41BC_ACAA1C31DBB5_0/f/0/0_0.jpg": {
  "size": 9438
 },
 "media/map_EC81520A_E266_EAB5_41E5_A93A73CA8842_HS_10.png": {
  "size": 1584
 },
 "media/panorama_CA423771_DBB7_F413_41C3_0D355D63A920_0/r/0/1_2.jpg": {
  "size": 3391
 },
 "media/panorama_D4F951E6_DBB0_4C31_41C3_F5A2780BAC65_0/d/1/0_0.jpg": {
  "size": 17376
 },
 "media/panorama_D4373514_DBB0_5411_41E3_3F811A9931A3_0/d/1/0_1.jpg": {
  "size": 14111
 },
 "media/panorama_CA423771_DBB7_F413_41C3_0D355D63A920_0/b/1/1_1.jpg": {
  "size": 15618
 },
 "media/panorama_CB758832_DBB0_7C11_41E1_D49EC19CD9F2_0/u/1/1_1.jpg": {
  "size": 5182
 },
 "media/panorama_D4F951E6_DBB0_4C31_41C3_F5A2780BAC65_0/u/0/1_1.jpg": {
  "size": 7604
 },
 "media/panorama_D4F951E6_DBB0_4C31_41C3_F5A2780BAC65_0/d/0/2_0.jpg": {
  "size": 8198
 },
 "media/panorama_CBCD6822_DB90_5C31_41E8_D76D0E29E1B1_0/d/0/2_2.jpg": {
  "size": 11663
 },
 "media/panorama_CB758832_DBB0_7C11_41E1_D49EC19CD9F2_0/b/0/2_0.jpg": {
  "size": 6096
 },
 "media/panorama_D4A11BCC_DBB0_FC71_41D0_94884094A022_0/l/0/0_0.jpg": {
  "size": 7247
 },
 "media/panorama_CBCD6822_DB90_5C31_41E8_D76D0E29E1B1_0/u/1/1_1.jpg": {
  "size": 7690
 },
 "media/panorama_D4F951E6_DBB0_4C31_41C3_F5A2780BAC65_0/r/0/0_2.jpg": {
  "size": 14220
 },
 "media/panorama_CA423771_DBB7_F413_41C3_0D355D63A920_0/b/0/2_0.jpg": {
  "size": 6145
 },
 "media/panorama_D4373514_DBB0_5411_41E3_3F811A9931A3_t.jpg": {
  "size": 17825
 },
 "media/panorama_D4A11BCC_DBB0_FC71_41D0_94884094A022_0/l/0/2_2.jpg": {
  "size": 8124
 },
 "media/panorama_CA0D2937_DB90_5C1F_41C1_3A22D6FAEAF2_0/b/1/0_0.jpg": {
  "size": 10385
 },
 "media/panorama_CBCD6822_DB90_5C31_41E8_D76D0E29E1B1_0/r/0/1_0.jpg": {
  "size": 8028
 },
 "media/panorama_CBCD6822_DB90_5C31_41E8_D76D0E29E1B1_0/u/0/1_1.jpg": {
  "size": 6028
 },
 "lib/cursors/FSW.cur": {
  "size": 4526
 },
 "media/panorama_C9F9CB78_DB90_FC11_41E9_6E303CA66A0D_0/l/1/0_0.jpg": {
  "size": 19100
 },
 "media/panorama_CB758832_DBB0_7C11_41E1_D49EC19CD9F2_0/r/0/0_0.jpg": {
  "size": 6357
 },
 "media/panorama_CA0D2937_DB90_5C1F_41C1_3A22D6FAEAF2_0/l/0/1_0.jpg": {
  "size": 12426
 },
 "media/panorama_CA0D2937_DB90_5C1F_41C1_3A22D6FAEAF2_0/f/0/1_1.jpg": {
  "size": 15270
 },
 "media/panorama_CA0D2937_DB90_5C1F_41C1_3A22D6FAEAF2_0/d/0/0_2.jpg": {
  "size": 9289
 },
 "media/panorama_C9F9CB78_DB90_FC11_41E9_6E303CA66A0D_0/u/0/0_0.jpg": {
  "size": 17734
 },
 "media/panorama_CBFBDDCD_DB91_D473_41BC_ACAA1C31DBB5_0/f/0/1_1.jpg": {
  "size": 14287
 },
 "media/panorama_CA423771_DBB7_F413_41C3_0D355D63A920_0_HS_1_00004.png": {
  "size": 9045
 },
 "media/panorama_CA0D2937_DB90_5C1F_41C1_3A22D6FAEAF2_0/b/0/0_2.jpg": {
  "size": 5881
 },
 "media/panorama_CBCD6822_DB90_5C31_41E8_D76D0E29E1B1_0/l/0/1_2.jpg": {
  "size": 14076
 },
 "media/panorama_D4A11BCC_DBB0_FC71_41D0_94884094A022_0/f/0/1_0.jpg": {
  "size": 9125
 },
 "media/panorama_CB758832_DBB0_7C11_41E1_D49EC19CD9F2_0/r/0/2_0.jpg": {
  "size": 4468
 },
 "media/panorama_C9F9CB78_DB90_FC11_41E9_6E303CA66A0D_0/f/0/1_1.jpg": {
  "size": 12987
 },
 "media/panorama_D4F951E6_DBB0_4C31_41C3_F5A2780BAC65_0/r/0/1_1.jpg": {
  "size": 11336
 },
 "media/panorama_CA0D2937_DB90_5C1F_41C1_3A22D6FAEAF2_0/f/2/0_0.jpg": {
  "size": 22788
 },
 "media/panorama_CA0D2937_DB90_5C1F_41C1_3A22D6FAEAF2_0/d/1/1_1.jpg": {
  "size": 10500
 },
 "media/panorama_CBCD6822_DB90_5C31_41E8_D76D0E29E1B1_0/b/0/0_1.jpg": {
  "size": 3710
 },
 "media/panorama_CA423771_DBB7_F413_41C3_0D355D63A920_0/d/2/0_0.jpg": {
  "size": 17511
 },
 "skin/IconButton_F953B66C_E4B3_F33A_41E4_417B1EFF1228.png": {
  "size": 4303
 },
 "media/panorama_D4A11BCC_DBB0_FC71_41D0_94884094A022_0/u/2/0_0.jpg": {
  "size": 8879
 },
 "media/panorama_CBFBDDCD_DB91_D473_41BC_ACAA1C31DBB5_0/d/0/1_2.jpg": {
  "size": 10559
 },
 "skin/Button_F0FB4EC7_E4EE_5375_41CF_622F4DD6CA59.png": {
  "size": 451
 },
 "media/panorama_CBFBDDCD_DB91_D473_41BC_ACAA1C31DBB5_0/l/0/2_0.jpg": {
  "size": 11992
 },
 "media/panorama_C9F9CB78_DB90_FC11_41E9_6E303CA66A0D_0/u/1/1_0.jpg": {
  "size": 9652
 },
 "media/panorama_D4A11BCC_DBB0_FC71_41D0_94884094A022_0/r/0/0_0.jpg": {
  "size": 7445
 },
 "media/panorama_CBFBDDCD_DB91_D473_41BC_ACAA1C31DBB5_0/l/1/1_0.jpg": {
  "size": 18362
 },
 "media/overlay_F0A3B908_E00E_CF5C_41BE_951744098ED8_t.jpg": {
  "size": 27378
 },
 "media/panorama_CB758832_DBB0_7C11_41E1_D49EC19CD9F2_1_HS_1_0.png": {
  "size": 711531
 },
 "media/panorama_C9F9CB78_DB90_FC11_41E9_6E303CA66A0D_0/l/0/0_0.jpg": {
  "size": 19189
 },
 "media/panorama_D4373514_DBB0_5411_41E3_3F811A9931A3_0/d/0/1_0.jpg": {
  "size": 14955
 },
 "media/panorama_CBFBDDCD_DB91_D473_41BC_ACAA1C31DBB5_0/r/1/0_1.jpg": {
  "size": 13651
 },
 "media/panorama_D4F951E6_DBB0_4C31_41C3_F5A2780BAC65_0/f/0/0_1.jpg": {
  "size": 4719
 },
 "media/panorama_CA0D2937_DB90_5C1F_41C1_3A22D6FAEAF2_0/r/1/1_0.jpg": {
  "size": 13296
 },
 "media/panorama_D4A11BCC_DBB0_FC71_41D0_94884094A022_0/u/0/1_2.jpg": {
  "size": 3429
 },
 "media/panorama_CA423771_DBB7_F413_41C3_0D355D63A920_0/f/1/0_0.jpg": {
  "size": 8724
 },
 "media/panorama_D4373514_DBB0_5411_41E3_3F811A9931A3_1_HS_3_0_0_map.gif": {
  "size": 861
 },
 "media/panorama_D4A11BCC_DBB0_FC71_41D0_94884094A022_0/d/0/0_1.jpg": {
  "size": 9999
 },
 "media/panorama_CA0D2937_DB90_5C1F_41C1_3A22D6FAEAF2_0/u/2/0_0.jpg": {
  "size": 11999
 },
 "media/panorama_CBCD6822_DB90_5C31_41E8_D76D0E29E1B1_0/f/0/2_2.jpg": {
  "size": 11652
 },
 "media/panorama_CA0D2937_DB90_5C1F_41C1_3A22D6FAEAF2_0/l/1/0_0.jpg": {
  "size": 22975
 },
 "media/panorama_CA423771_DBB7_F413_41C3_0D355D63A920_0/u/0/2_2.jpg": {
  "size": 6492
 },
 "media/panorama_CA0D2937_DB90_5C1F_41C1_3A22D6FAEAF2_0/f/0/0_0.jpg": {
  "size": 11504
 },
 "media/panorama_C9F9CB78_DB90_FC11_41E9_6E303CA66A0D_0/l/0/2_0.jpg": {
  "size": 4690
 },
 "media/panorama_C9F9CB78_DB90_FC11_41E9_6E303CA66A0D_0/r/1/1_0.jpg": {
  "size": 9905
 },
 "media/panorama_CB758832_DBB0_7C11_41E1_D49EC19CD9F2_0/u/1/0_0.jpg": {
  "size": 10965
 },
 "media/panorama_CBCD6822_DB90_5C31_41E8_D76D0E29E1B1_0/d/0/1_2.jpg": {
  "size": 12554
 },
 "media/panorama_CA423771_DBB7_F413_41C3_0D355D63A920_0/d/0/0_0.jpg": {
  "size": 5277
 },
 "media/panorama_D4373514_DBB0_5411_41E3_3F811A9931A3_0/r/0/2_0.jpg": {
  "size": 3243
 },
 "media/panorama_CB758832_DBB0_7C11_41E1_D49EC19CD9F2_0/u/0/2_2.jpg": {
  "size": 4290
 },
 "media/panorama_D4A11BCC_DBB0_FC71_41D0_94884094A022_0/l/1/1_0.jpg": {
  "size": 13209
 },
 "media/panorama_CBCD6822_DB90_5C31_41E8_D76D0E29E1B1_0/b/1/1_0.jpg": {
  "size": 14002
 },
 "media/panorama_CBFBDDCD_DB91_D473_41BC_ACAA1C31DBB5_0/u/1/0_1.jpg": {
  "size": 13592
 },
 "media/panorama_D4A11BCC_DBB0_FC71_41D0_94884094A022_0/f/0/1_2.jpg": {
  "size": 9469
 },
 "media/panorama_C9F9CB78_DB90_FC11_41E9_6E303CA66A0D_0/d/1/0_0.jpg": {
  "size": 8049
 },
 "media/panorama_CBFBDDCD_DB91_D473_41BC_ACAA1C31DBB5_0/d/0/2_1.jpg": {
  "size": 13139
 },
 "media/panorama_CB758832_DBB0_7C11_41E1_D49EC19CD9F2_0/r/1/1_0.jpg": {
  "size": 6284
 },
 "media/panorama_D4F951E6_DBB0_4C31_41C3_F5A2780BAC65_0/u/0/0_0.jpg": {
  "size": 10858
 },
 "media/panorama_CB758832_DBB0_7C11_41E1_D49EC19CD9F2_0/l/0/2_0.jpg": {
  "size": 10915
 },
 "media/panorama_CA423771_DBB7_F413_41C3_0D355D63A920_0/f/0/1_1.jpg": {
  "size": 9488
 },
 "media/panorama_CBFBDDCD_DB91_D473_41BC_ACAA1C31DBB5_0/r/0/1_2.jpg": {
  "size": 16031
 },
 "media/panorama_D4F951E6_DBB0_4C31_41C3_F5A2780BAC65_0/b/0/1_1.jpg": {
  "size": 11259
 },
 "media/panorama_D4373514_DBB0_5411_41E3_3F811A9931A3_0/b/0/2_1.jpg": {
  "size": 17015
 },
 "media/panorama_D4F951E6_DBB0_4C31_41C3_F5A2780BAC65_0/b/1/0_1.jpg": {
  "size": 7430
 },
 "media/panorama_D4F951E6_DBB0_4C31_41C3_F5A2780BAC65_0/u/1/0_0.jpg": {
  "size": 11743
 },
 "media/panorama_C9F9CB78_DB90_FC11_41E9_6E303CA66A0D_0/l/0/0_2.jpg": {
  "size": 11781
 },
 "media/panorama_C9F9CB78_DB90_FC11_41E9_6E303CA66A0D_0/l/0/1_0.jpg": {
  "size": 6382
 },
 "media/panorama_D4373514_DBB0_5411_41E3_3F811A9931A3_0/l/0/1_2.jpg": {
  "size": 5220
 },
 "media/panorama_CB758832_DBB0_7C11_41E1_D49EC19CD9F2_0/f/0/2_1.jpg": {
  "size": 3466
 },
 "media/map_EC81520A_E266_EAB5_41E5_A93A73CA8842_HS_18.png": {
  "size": 1584
 },
 "media/panorama_D4F951E6_DBB0_4C31_41C3_F5A2780BAC65_0/l/0/0_1.jpg": {
  "size": 8489
 },
 "media/panorama_CBFBDDCD_DB91_D473_41BC_ACAA1C31DBB5_0/u/0/0_2.jpg": {
  "size": 11425
 },
 "media/panorama_D4F951E6_DBB0_4C31_41C3_F5A2780BAC65_0/r/0/1_2.jpg": {
  "size": 4743
 },
 "media/panorama_D4373514_DBB0_5411_41E3_3F811A9931A3_0/d/0/0_1.jpg": {
  "size": 14911
 },
 "media/panorama_CA0D2937_DB90_5C1F_41C1_3A22D6FAEAF2_0/d/2/0_0.jpg": {
  "size": 17732
 },
 "media/panorama_CA423771_DBB7_F413_41C3_0D355D63A920_0_HS_1_00001.png": {
  "size": 4617
 },
 "media/panorama_CBFBDDCD_DB91_D473_41BC_ACAA1C31DBB5_0/r/1/1_1.jpg": {
  "size": 16803
 },
 "media/panorama_D4A11BCC_DBB0_FC71_41D0_94884094A022_0/r/0/2_0.jpg": {
  "size": 11669
 },
 "media/panorama_CA423771_DBB7_F413_41C3_0D355D63A920_0/l/1/1_1.jpg": {
  "size": 8757
 },
 "media/panorama_D4F951E6_DBB0_4C31_41C3_F5A2780BAC65_1_HS_6_0_0_map.gif": {
  "size": 861
 },
 "media/panorama_CA0D2937_DB90_5C1F_41C1_3A22D6FAEAF2_0/u/0/1_1.jpg": {
  "size": 6792
 },
 "media/panorama_CBFBDDCD_DB91_D473_41BC_ACAA1C31DBB5_0/r/0/0_0.jpg": {
  "size": 13602
 },
 "media/panorama_CA423771_DBB7_F413_41C3_0D355D63A920_0/d/1/1_0.jpg": {
  "size": 14363
 },
 "media/panorama_CB758832_DBB0_7C11_41E1_D49EC19CD9F2_0/u/1/1_0.jpg": {
  "size": 5493
 },
 "media/panorama_C9F9CB78_DB90_FC11_41E9_6E303CA66A0D_0/b/0/2_1.jpg": {
  "size": 6086
 },
 "media/panorama_CA0D2937_DB90_5C1F_41C1_3A22D6FAEAF2_0/r/0/1_2.jpg": {
  "size": 13672
 },
 "media/panorama_D4F951E6_DBB0_4C31_41C3_F5A2780BAC65_0/d/1/0_1.jpg": {
  "size": 16114
 },
 "lib/cursors/FS.cur": {
  "size": 4526
 },
 "lib/cursors/grab.cur": {
  "size": 326
 },
 "media/panorama_D4373514_DBB0_5411_41E3_3F811A9931A3_0/r/0/1_0.jpg": {
  "size": 2945
 },
 "media/panorama_CBFBDDCD_DB91_D473_41BC_ACAA1C31DBB5_0/l/2/0_0.jpg": {
  "size": 23117
 },
 "media/panorama_D4A11BCC_DBB0_FC71_41D0_94884094A022_0/f/0/0_0.jpg": {
  "size": 11628
 },
 "media/panorama_D4373514_DBB0_5411_41E3_3F811A9931A3_0/r/0/2_2.jpg": {
  "size": 13292
 },
 "media/panorama_D4F951E6_DBB0_4C31_41C3_F5A2780BAC65_0/d/0/0_2.jpg": {
  "size": 14293
 },
 "media/panorama_CB758832_DBB0_7C11_41E1_D49EC19CD9F2_0/f/1/1_1.jpg": {
  "size": 4492
 },
 "media/panorama_D4A11BCC_DBB0_FC71_41D0_94884094A022_0/u/0/0_1.jpg": {
  "size": 4759
 },
 "media/panorama_CA0D2937_DB90_5C1F_41C1_3A22D6FAEAF2_0/d/1/1_0.jpg": {
  "size": 10875
 },
 "media/panorama_D4373514_DBB0_5411_41E3_3F811A9931A3_0/f/0/0_2.jpg": {
  "size": 7071
 },
 "media/panorama_CB758832_DBB0_7C11_41E1_D49EC19CD9F2_0/f/0/1_0.jpg": {
  "size": 3965
 },
 "media/panorama_C9F9CB78_DB90_FC11_41E9_6E303CA66A0D_0/f/0/2_2.jpg": {
  "size": 9810
 },
 "media/panorama_D4A11BCC_DBB0_FC71_41D0_94884094A022_0/d/0/1_1.jpg": {
  "size": 12126
 },
 "media/panorama_CBCD6822_DB90_5C31_41E8_D76D0E29E1B1_0/l/0/2_2.jpg": {
  "size": 11289
 },
 "media/panorama_CA0D2937_DB90_5C1F_41C1_3A22D6FAEAF2_0/b/1/1_0.jpg": {
  "size": 9679
 },
 "media/panorama_D4373514_DBB0_5411_41E3_3F811A9931A3_1_HS_3_0.png": {
  "size": 711531
 },
 "media/panorama_CA423771_DBB7_F413_41C3_0D355D63A920_0/u/1/0_1.jpg": {
  "size": 7299
 },
 "media/panorama_D4A11BCC_DBB0_FC71_41D0_94884094A022_0/b/0/0_2.jpg": {
  "size": 2912
 },
 "media/panorama_D4373514_DBB0_5411_41E3_3F811A9931A3_0/u/0/0_0.jpg": {
  "size": 8561
 },
 "media/panorama_C9F9CB78_DB90_FC11_41E9_6E303CA66A0D_0/f/1/0_1.jpg": {
  "size": 12574
 },
 "media/panorama_CA0D2937_DB90_5C1F_41C1_3A22D6FAEAF2_0/b/0/1_0.jpg": {
  "size": 6037
 },
 "media/panorama_D4A11BCC_DBB0_FC71_41D0_94884094A022_0/l/0/1_1.jpg": {
  "size": 8857
 },
 "media/panorama_CBFBDDCD_DB91_D473_41BC_ACAA1C31DBB5_0/l/1/0_1.jpg": {
  "size": 15961
 },
 "skin/Button_F0FB6EC7_E4EE_5375_41E4_BF58E8BED9C0_pressed.png": {
  "size": 205
 },
 "lib/cursors/NE.cur": {
  "size": 3542
 },
 "skin/Button_F0FB5EC7_E4EE_5375_41E8_5828D3AD5CEC.png": {
  "size": 495
 },
 "media/panorama_CBCD6822_DB90_5C31_41E8_D76D0E29E1B1_0/d/1/1_0.jpg": {
  "size": 18595
 },
 "media/panorama_CB758832_DBB0_7C11_41E1_D49EC19CD9F2_0/l/2/0_0.jpg": {
  "size": 21053
 },
 "media/panorama_CB758832_DBB0_7C11_41E1_D49EC19CD9F2_0/b/0/1_2.jpg": {
  "size": 15968
 },
 "media/panorama_CB758832_DBB0_7C11_41E1_D49EC19CD9F2_0/d/1/0_1.jpg": {
  "size": 5346
 },
 "media/panorama_D4373514_DBB0_5411_41E3_3F811A9931A3_0/l/0/2_2.jpg": {
  "size": 5027
 },
 "media/panorama_D4F951E6_DBB0_4C31_41C3_F5A2780BAC65_0/r/1/1_1.jpg": {
  "size": 7880
 },
 "media/panorama_D4A11BCC_DBB0_FC71_41D0_94884094A022_0/r/1/1_0.jpg": {
  "size": 18495
 },
 "media/panorama_D4F951E6_DBB0_4C31_41C3_F5A2780BAC65_0/f/0/2_1.jpg": {
  "size": 11119
 },
 "media/panorama_CBFBDDCD_DB91_D473_41BC_ACAA1C31DBB5_0/r/1/0_0.jpg": {
  "size": 16310
 },
 "media/panorama_CA423771_DBB7_F413_41C3_0D355D63A920_0/d/0/1_2.jpg": {
  "size": 6637
 },
 "media/panorama_CA423771_DBB7_F413_41C3_0D355D63A920_0/l/0/2_1.jpg": {
  "size": 9884
 },
 "media/panorama_CBFBDDCD_DB91_D473_41BC_ACAA1C31DBB5_0/d/1/1_0.jpg": {
  "size": 13832
 },
 "media/panorama_CBCD6822_DB90_5C31_41E8_D76D0E29E1B1_0/r/0/2_0.jpg": {
  "size": 10743
 },
 "media/panorama_D4373514_DBB0_5411_41E3_3F811A9931A3_0/d/1/0_0.jpg": {
  "size": 14310
 },
 "media/panorama_CA423771_DBB7_F413_41C3_0D355D63A920_0/b/0/1_0.jpg": {
  "size": 5896
 },
 "media/panorama_D4F951E6_DBB0_4C31_41C3_F5A2780BAC65_1_HS_6_0.png": {
  "size": 711531
 },
 "media/panorama_C9F9CB78_DB90_FC11_41E9_6E303CA66A0D_0/u/0/0_2.jpg": {
  "size": 10365
 },
 "media/panorama_D4F951E6_DBB0_4C31_41C3_F5A2780BAC65_0/u/0/1_0.jpg": {
  "size": 6916
 },
 "media/map_EC81520A_E266_EAB5_41E5_A93A73CA8842_HS_12_map.gif": {
  "size": 858
 },
 "media/panorama_D4F951E6_DBB0_4C31_41C3_F5A2780BAC65_0/b/0/2_2.jpg": {
  "size": 10617
 },
 "media/panorama_D4F951E6_DBB0_4C31_41C3_F5A2780BAC65_1_HS_3_0.png": {
  "size": 711531
 },
 "media/panorama_CBCD6822_DB90_5C31_41E8_D76D0E29E1B1_0/b/2/0_0.jpg": {
  "size": 15166
 },
 "media/panorama_CA0D2937_DB90_5C1F_41C1_3A22D6FAEAF2_0/l/0/0_1.jpg": {
  "size": 21241
 },
 "media/panorama_D4373514_DBB0_5411_41E3_3F811A9931A3_0/f/1/1_0.jpg": {
  "size": 7021
 },
 "media/panorama_CBFBDDCD_DB91_D473_41BC_ACAA1C31DBB5_0/d/2/0_0.jpg": {
  "size": 19192
 },
 "media/panorama_CBFBDDCD_DB91_D473_41BC_ACAA1C31DBB5_0/l/0/1_2.jpg": {
  "size": 10796
 },
 "lib/exit.png": {
  "size": 902
 },
 "media/panorama_C9F9CB78_DB90_FC11_41E9_6E303CA66A0D_0/b/0/0_1.jpg": {
  "size": 9906
 },
 "media/panorama_C9F9CB78_DB90_FC11_41E9_6E303CA66A0D_0/r/1/0_0.jpg": {
  "size": 19392
 },
 "media/panorama_CB758832_DBB0_7C11_41E1_D49EC19CD9F2_0/r/0/1_2.jpg": {
  "size": 12794
 },
 "media/panorama_D4F951E6_DBB0_4C31_41C3_F5A2780BAC65_0/b/0/1_0.jpg": {
  "size": 11330
 },
 "media/panorama_D4A11BCC_DBB0_FC71_41D0_94884094A022_0/r/0/1_2.jpg": {
  "size": 17727
 },
 "media/panorama_CA423771_DBB7_F413_41C3_0D355D63A920_0_HS_1_2_1_map.gif": {
  "size": 443
 },
 "media/panorama_C9F9CB78_DB90_FC11_41E9_6E303CA66A0D_0/l/0/0_1.jpg": {
  "size": 12999
 },
 "media/panorama_C9F9CB78_DB90_FC11_41E9_6E303CA66A0D_0/b/2/0_0.jpg": {
  "size": 18005
 },
 "lib/cursors/FN.cur": {
  "size": 4526
 },
 "media/panorama_D4373514_DBB0_5411_41E3_3F811A9931A3_0/u/1/0_0.jpg": {
  "size": 10265
 },
 "media/panorama_D4F951E6_DBB0_4C31_41C3_F5A2780BAC65_0_HS_0_1_0_map.gif": {
  "size": 465
 },
 "media/panorama_CA423771_DBB7_F413_41C3_0D355D63A920_0/u/0/2_1.jpg": {
  "size": 6108
 },
 "media/panorama_D4F951E6_DBB0_4C31_41C3_F5A2780BAC65_0_HS_4_0.png": {
  "size": 13662
 },
 "media/panorama_D4373514_DBB0_5411_41E3_3F811A9931A3_0/r/1/0_0.jpg": {
  "size": 4047
 },
 "media/panorama_D4373514_DBB0_5411_41E3_3F811A9931A3_0/b/0/0_1.jpg": {
  "size": 5664
 },
 "media/panorama_D4373514_DBB0_5411_41E3_3F811A9931A3_0/b/2/0_0.jpg": {
  "size": 24884
 },
 "media/panorama_D4A11BCC_DBB0_FC71_41D0_94884094A022_1_HS_5_0.png": {
  "size": 711531
 },
 "media/panorama_CA0D2937_DB90_5C1F_41C1_3A22D6FAEAF2_0/u/1/0_1.jpg": {
  "size": 6595
 },
 "media/panorama_D4373514_DBB0_5411_41E3_3F811A9931A3_0/u/0/2_2.jpg": {
  "size": 5196
 },
 "media/panorama_CBFBDDCD_DB91_D473_41BC_ACAA1C31DBB5_0/u/0/0_1.jpg": {
  "size": 8772
 },
 "media/panorama_CA0D2937_DB90_5C1F_41C1_3A22D6FAEAF2_0/l/0/2_2.jpg": {
  "size": 6472
 },
 "media/map_EC81520A_E266_EAB5_41E5_A93A73CA8842_HS_11.png": {
  "size": 1584
 },
 "media/panorama_CBCD6822_DB90_5C31_41E8_D76D0E29E1B1_0/b/0/1_2.jpg": {
  "size": 4607
 },
 "media/panorama_CA423771_DBB7_F413_41C3_0D355D63A920_0/l/0/1_1.jpg": {
  "size": 15647
 },
 "media/panorama_CBCD6822_DB90_5C31_41E8_D76D0E29E1B1_0/b/0/1_0.jpg": {
  "size": 14512
 },
 "skin/Button_F0FABEC7_E4EE_5375_41DD_B033D3902DC3.png": {
  "size": 391
 },
 "media/panorama_CA0D2937_DB90_5C1F_41C1_3A22D6FAEAF2_0/d/0/2_2.jpg": {
  "size": 7442
 },
 "media/panorama_C9F9CB78_DB90_FC11_41E9_6E303CA66A0D_0/b/0/2_0.jpg": {
  "size": 5590
 },
 "media/video_F07A4F69_E00D_43DD_41E7_FF7000D69CFB.mp4": {
  "size": 494133
 },
 "media/panorama_D4A11BCC_DBB0_FC71_41D0_94884094A022_0/b/1/1_0.jpg": {
  "size": 17347
 },
 "media/panorama_C9F9CB78_DB90_FC11_41E9_6E303CA66A0D_0/r/0/1_2.jpg": {
  "size": 8117
 },
 "media/panorama_CB758832_DBB0_7C11_41E1_D49EC19CD9F2_0/u/2/0_0.jpg": {
  "size": 9871
 },
 "media/panorama_CBFBDDCD_DB91_D473_41BC_ACAA1C31DBB5_0/r/2/0_0.jpg": {
  "size": 22149
 },
 "media/panorama_CA423771_DBB7_F413_41C3_0D355D63A920_0/b/1/1_0.jpg": {
  "size": 6517
 },
 "media/panorama_C9F9CB78_DB90_FC11_41E9_6E303CA66A0D_0/l/0/1_1.jpg": {
  "size": 5912
 },
 "media/panorama_D4A11BCC_DBB0_FC71_41D0_94884094A022_0/f/0/2_0.jpg": {
  "size": 8481
 },
 "media/panorama_C9F9CB78_DB90_FC11_41E9_6E303CA66A0D_0/u/1/0_1.jpg": {
  "size": 12855
 },
 "media/panorama_CB758832_DBB0_7C11_41E1_D49EC19CD9F2_1_HS_2_0_0_map.gif": {
  "size": 851
 },
 "media/overlay_C4F05C39_E557_D71A_41EA_040FE899353C_t.jpg": {
  "size": 37250
 },
 "media/panorama_CB758832_DBB0_7C11_41E1_D49EC19CD9F2_0/u/0/0_2.jpg": {
  "size": 5676
 },
 "media/panorama_CBCD6822_DB90_5C31_41E8_D76D0E29E1B1_0/r/1/1_0.jpg": {
  "size": 11500
 },
 "media/panorama_CBFBDDCD_DB91_D473_41BC_ACAA1C31DBB5_0/f/0/2_2.jpg": {
  "size": 3065
 },
 "media/panorama_D4A11BCC_DBB0_FC71_41D0_94884094A022_0/r/0/0_2.jpg": {
  "size": 12344
 },
 "media/panorama_CBCD6822_DB90_5C31_41E8_D76D0E29E1B1_0/l/0/1_1.jpg": {
  "size": 17936
 },
 "media/panorama_CBFBDDCD_DB91_D473_41BC_ACAA1C31DBB5_1_HS_8_0.png": {
  "size": 711531
 },
 "media/panorama_CA0D2937_DB90_5C1F_41C1_3A22D6FAEAF2_0/f/0/2_2.jpg": {
  "size": 15012
 },
 "media/panorama_CA0D2937_DB90_5C1F_41C1_3A22D6FAEAF2_0/l/0/0_2.jpg": {
  "size": 13538
 },
 "media/panorama_CA0D2937_DB90_5C1F_41C1_3A22D6FAEAF2_0/r/0/1_1.jpg": {
  "size": 14795
 },
 "media/map_EC81520A_E266_EAB5_41E5_A93A73CA8842_HS_16_map.gif": {
  "size": 858
 },
 "media/panorama_C9F9CB78_DB90_FC11_41E9_6E303CA66A0D_0/d/2/0_0.jpg": {
  "size": 15048
 },
 "media/panorama_CA0D2937_DB90_5C1F_41C1_3A22D6FAEAF2_0/d/1/0_0.jpg": {
  "size": 14930
 },
 "media/panorama_CB758832_DBB0_7C11_41E1_D49EC19CD9F2_0/l/0/1_1.jpg": {
  "size": 14357
 },
 "media/map_EC81520A_E266_EAB5_41E5_A93A73CA8842_HS_10_map.gif": {
  "size": 81
 },
 "lib/cursors/SE.cur": {
  "size": 3542
 },
 "media/panorama_CBFBDDCD_DB91_D473_41BC_ACAA1C31DBB5_0/u/1/0_0.jpg": {
  "size": 4420
 },
 "media/panorama_CBFBDDCD_DB91_D473_41BC_ACAA1C31DBB5_0_HS_3_1_0_map.gif": {
  "size": 531
 },
 "media/panorama_D4A11BCC_DBB0_FC71_41D0_94884094A022_0/r/0/2_2.jpg": {
  "size": 12030
 },
 "media/panorama_D4A11BCC_DBB0_FC71_41D0_94884094A022_0/u/0/1_1.jpg": {
  "size": 6829
 },
 "media/panorama_D4373514_DBB0_5411_41E3_3F811A9931A3_0/l/0/1_0.jpg": {
  "size": 4285
 },
 "media/panorama_D4A11BCC_DBB0_FC71_41D0_94884094A022_0/r/2/0_0.jpg": {
  "size": 27359
 },
 "media/panorama_D4F951E6_DBB0_4C31_41C3_F5A2780BAC65_0/l/0/0_0.jpg": {
  "size": 9094
 },
 "media/panorama_CA423771_DBB7_F413_41C3_0D355D63A920_0/u/0/1_0.jpg": {
  "size": 4298
 },
 "media/panorama_CB758832_DBB0_7C11_41E1_D49EC19CD9F2_0/r/1/0_1.jpg": {
  "size": 14170
 },
 "media/panorama_CB758832_DBB0_7C11_41E1_D49EC19CD9F2_0/b/0/1_1.jpg": {
  "size": 16409
 },
 "media/panorama_CBFBDDCD_DB91_D473_41BC_ACAA1C31DBB5_0_HS_3_0.png": {
  "size": 70017
 },
 "media/panorama_CA0D2937_DB90_5C1F_41C1_3A22D6FAEAF2_0/f/1/0_1.jpg": {
  "size": 13021
 },
 "media/panorama_CBFBDDCD_DB91_D473_41BC_ACAA1C31DBB5_0/r/0/1_1.jpg": {
  "size": 14826
 },
 "media/panorama_C9F9CB78_DB90_FC11_41E9_6E303CA66A0D_0/u/0/2_0.jpg": {
  "size": 6192
 },
 "media/panorama_CB758832_DBB0_7C11_41E1_D49EC19CD9F2_0/f/0/2_0.jpg": {
  "size": 3709
 },
 "media/panorama_CB758832_DBB0_7C11_41E1_D49EC19CD9F2_0/u/0/1_2.jpg": {
  "size": 4217
 },
 "media/panorama_D4F951E6_DBB0_4C31_41C3_F5A2780BAC65_0/u/1/0_1.jpg": {
  "size": 17645
 },
 "media/panorama_CBCD6822_DB90_5C31_41E8_D76D0E29E1B1_0/f/0/0_0.jpg": {
  "size": 10335
 },
 "media/map_EC81520A_E266_EAB5_41E5_A93A73CA8842_HS_16.png": {
  "size": 1584
 },
 "media/panorama_CBCD6822_DB90_5C31_41E8_D76D0E29E1B1_0/b/1/0_1.jpg": {
  "size": 6974
 },
 "media/panorama_D4373514_DBB0_5411_41E3_3F811A9931A3_0/r/1/1_1.jpg": {
  "size": 17247
 },
 "media/panorama_D4A11BCC_DBB0_FC71_41D0_94884094A022_0/b/0/2_2.jpg": {
  "size": 8631
 },
 "media/panorama_D4373514_DBB0_5411_41E3_3F811A9931A3_0/u/2/0_0.jpg": {
  "size": 12405
 },
 "media/panorama_D4A11BCC_DBB0_FC71_41D0_94884094A022_0/f/1/1_0.jpg": {
  "size": 11284
 },
 "media/panorama_CBFBDDCD_DB91_D473_41BC_ACAA1C31DBB5_0/u/1/1_1.jpg": {
  "size": 13846
 },
 "media/panorama_CBCD6822_DB90_5C31_41E8_D76D0E29E1B1_0/l/1/1_1.jpg": {
  "size": 14171
 },
 "media/panorama_D4F951E6_DBB0_4C31_41C3_F5A2780BAC65_0/b/0/0_2.jpg": {
  "size": 5625
 },
 "media/panorama_CBCD6822_DB90_5C31_41E8_D76D0E29E1B1_0/b/0/2_2.jpg": {
  "size": 8656
 },
 "media/panorama_D4A11BCC_DBB0_FC71_41D0_94884094A022_0/d/2/0_0.jpg": {
  "size": 18167
 },
 "media/panorama_CB758832_DBB0_7C11_41E1_D49EC19CD9F2_0/l/0/0_2.jpg": {
  "size": 8575
 },
 "media/panorama_CBCD6822_DB90_5C31_41E8_D76D0E29E1B1_0/r/0/0_2.jpg": {
  "size": 10925
 },
 "media/panorama_D4F951E6_DBB0_4C31_41C3_F5A2780BAC65_0/d/0/0_1.jpg": {
  "size": 12852
 },
 "media/panorama_CA0D2937_DB90_5C1F_41C1_3A22D6FAEAF2_0/b/0/0_0.jpg": {
  "size": 9968
 },
 "media/panorama_CBCD6822_DB90_5C31_41E8_D76D0E29E1B1_0/u/2/0_0.jpg": {
  "size": 10615
 },
 "media/panorama_C9F9CB78_DB90_FC11_41E9_6E303CA66A0D_0_HS_0_0.png": {
  "size": 57534
 },
 "media/panorama_CBFBDDCD_DB91_D473_41BC_ACAA1C31DBB5_0/l/0/1_1.jpg": {
  "size": 16112
 },
 "media/panorama_D4F951E6_DBB0_4C31_41C3_F5A2780BAC65_0/f/2/0_0.jpg": {
  "size": 16086
 },
 "media/panorama_D4F951E6_DBB0_4C31_41C3_F5A2780BAC65_0/d/0/1_2.jpg": {
  "size": 9746
 },
 "script.js": {
  "size": 231174
 },
 "media/panorama_CBCD6822_DB90_5C31_41E8_D76D0E29E1B1_0/d/0/2_1.jpg": {
  "size": 13077
 },
 "media/panorama_CBFBDDCD_DB91_D473_41BC_ACAA1C31DBB5_0/r/0/2_2.jpg": {
  "size": 10522
 },
 "media/panorama_D4373514_DBB0_5411_41E3_3F811A9931A3_0/d/1/1_1.jpg": {
  "size": 19196
 },
 "media/panorama_D4A11BCC_DBB0_FC71_41D0_94884094A022_1_HS_2_1_0_map.gif": {
  "size": 520
 },
 "media/panorama_CBFBDDCD_DB91_D473_41BC_ACAA1C31DBB5_0/b/0/2_2.jpg": {
  "size": 9248
 },
 "media/panorama_D4373514_DBB0_5411_41E3_3F811A9931A3_0/f/0/2_2.jpg": {
  "size": 5852
 },
 "media/panorama_CA423771_DBB7_F413_41C3_0D355D63A920_0/b/0/1_1.jpg": {
  "size": 10265
 },
 "media/panorama_D4373514_DBB0_5411_41E3_3F811A9931A3_0/r/0/0_1.jpg": {
  "size": 5258
 },
 "media/panorama_CBFBDDCD_DB91_D473_41BC_ACAA1C31DBB5_0/d/0/0_0.jpg": {
  "size": 11392
 },
 "media/panorama_D4F951E6_DBB0_4C31_41C3_F5A2780BAC65_0/f/0/0_2.jpg": {
  "size": 3294
 },
 "media/panorama_D4373514_DBB0_5411_41E3_3F811A9931A3_0/d/0/1_1.jpg": {
  "size": 19414
 },
 "media/panorama_CA423771_DBB7_F413_41C3_0D355D63A920_0/l/0/2_0.jpg": {
  "size": 17576
 },
 "media/panorama_D4F951E6_DBB0_4C31_41C3_F5A2780BAC65_0/f/1/1_1.jpg": {
  "size": 14926
 },
 "media/panorama_CA423771_DBB7_F413_41C3_0D355D63A920_0/r/0/2_0.jpg": {
  "size": 6640
 },
 "media/panorama_CA423771_DBB7_F413_41C3_0D355D63A920_0/f/0/2_2.jpg": {
  "size": 9094
 },
 "media/panorama_CBFBDDCD_DB91_D473_41BC_ACAA1C31DBB5_0/b/1/1_1.jpg": {
  "size": 18842
 },
 "media/panorama_CA0D2937_DB90_5C1F_41C1_3A22D6FAEAF2_0/l/0/1_1.jpg": {
  "size": 13181
 },
 "media/panorama_D4F951E6_DBB0_4C31_41C3_F5A2780BAC65_t.jpg": {
  "size": 20025
 },
 "media/panorama_CA0D2937_DB90_5C1F_41C1_3A22D6FAEAF2_0/r/1/0_0.jpg": {
  "size": 8859
 },
 "media/panorama_CA423771_DBB7_F413_41C3_0D355D63A920_0/d/0/0_1.jpg": {
  "size": 11077
 },
 "media/panorama_CA423771_DBB7_F413_41C3_0D355D63A920_0/d/1/1_1.jpg": {
  "size": 15494
 },
 "media/panorama_CB758832_DBB0_7C11_41E1_D49EC19CD9F2_0/r/0/1_1.jpg": {
  "size": 8837
 },
 "media/panorama_CB758832_DBB0_7C11_41E1_D49EC19CD9F2_0/d/1/1_1.jpg": {
  "size": 12707
 },
 "media/panorama_CB758832_DBB0_7C11_41E1_D49EC19CD9F2_0/d/1/0_0.jpg": {
  "size": 7434
 },
 "media/panorama_D4F951E6_DBB0_4C31_41C3_F5A2780BAC65_1_HS_10_0_0_map.gif": {
  "size": 851
 },
 "media/panorama_D4373514_DBB0_5411_41E3_3F811A9931A3_0/f/0/0_1.jpg": {
  "size": 5632
 },
 "media/panorama_D4373514_DBB0_5411_41E3_3F811A9931A3_0/d/0/1_2.jpg": {
  "size": 11650
 },
 "media/panorama_C9F9CB78_DB90_FC11_41E9_6E303CA66A0D_0/u/0/2_1.jpg": {
  "size": 8592
 },
 "media/panorama_CA423771_DBB7_F413_41C3_0D355D63A920_0/r/0/1_1.jpg": {
  "size": 5058
 },
 "media/panorama_CA423771_DBB7_F413_41C3_0D355D63A920_0/u/1/0_0.jpg": {
  "size": 8264
 },
 "media/panorama_C9F9CB78_DB90_FC11_41E9_6E303CA66A0D_0/r/0/1_1.jpg": {
  "size": 12958
 },
 "media/panorama_D4F951E6_DBB0_4C31_41C3_F5A2780BAC65_0/u/0/0_2.jpg": {
  "size": 18825
 },
 "loading/HTMLImage_FFC2F8F8_E4D1_DF1A_41E7_F0346491E605.png": {
  "size": 7713
 },
 "media/panorama_CBCD6822_DB90_5C31_41E8_D76D0E29E1B1_0/f/2/0_0.jpg": {
  "size": 19712
 },
 "media/panorama_D4A11BCC_DBB0_FC71_41D0_94884094A022_0/d/0/2_2.jpg": {
  "size": 10322
 },
 "media/panorama_CBFBDDCD_DB91_D473_41BC_ACAA1C31DBB5_0/u/0/0_0.jpg": {
  "size": 3375
 },
 "media/panorama_C9F9CB78_DB90_FC11_41E9_6E303CA66A0D_0/r/2/0_0.jpg": {
  "size": 19461
 },
 "media/panorama_CBCD6822_DB90_5C31_41E8_D76D0E29E1B1_0/l/0/2_1.jpg": {
  "size": 10623
 },
 "media/panorama_D4373514_DBB0_5411_41E3_3F811A9931A3_0/r/0/2_1.jpg": {
  "size": 5388
 },
 "media/panorama_D4373514_DBB0_5411_41E3_3F811A9931A3_0/l/0/2_1.jpg": {
  "size": 5991
 },
 "media/panorama_CB758832_DBB0_7C11_41E1_D49EC19CD9F2_0/r/0/2_2.jpg": {
  "size": 11900
 },
 "media/map_EC81520A_E266_EAB5_41E5_A93A73CA8842_t.png": {
  "size": 15255
 },
 "media/panorama_CBFBDDCD_DB91_D473_41BC_ACAA1C31DBB5_0_HS_4_1_0_map.gif": {
  "size": 534
 },
 "media/map_EC81520A_E266_EAB5_41E5_A93A73CA8842_lq.png": {
  "size": 64927
 },
 "media/panorama_D4A11BCC_DBB0_FC71_41D0_94884094A022_0/b/0/0_1.jpg": {
  "size": 3486
 },
 "media/panorama_CA423771_DBB7_F413_41C3_0D355D63A920_0/b/0/0_2.jpg": {
  "size": 14649
 },
 "media/panorama_C9F9CB78_DB90_FC11_41E9_6E303CA66A0D_0/l/0/2_1.jpg": {
  "size": 4332
 },
 "media/panorama_CB758832_DBB0_7C11_41E1_D49EC19CD9F2_0/u/0/2_1.jpg": {
  "size": 4300
 },
 "media/panorama_CB758832_DBB0_7C11_41E1_D49EC19CD9F2_1_HS_2_0.png": {
  "size": 56325
 },
 "media/panorama_D4373514_DBB0_5411_41E3_3F811A9931A3_0/b/0/2_2.jpg": {
  "size": 13745
 },
 "media/panorama_D4F951E6_DBB0_4C31_41C3_F5A2780BAC65_0/f/0/1_2.jpg": {
  "size": 8433
 },
 "media/panorama_CB758832_DBB0_7C11_41E1_D49EC19CD9F2_0/d/0/2_1.jpg": {
  "size": 16674
 },
 "media/panorama_D4373514_DBB0_5411_41E3_3F811A9931A3_1_HS_5_0_0_map.gif": {
  "size": 861
 },
 "media/panorama_D4373514_DBB0_5411_41E3_3F811A9931A3_0/r/0/1_2.jpg": {
  "size": 25076
 },
 "media/panorama_CBCD6822_DB90_5C31_41E8_D76D0E29E1B1_0/b/0/0_2.jpg": {
  "size": 7602
 },
 "media/panorama_CA423771_DBB7_F413_41C3_0D355D63A920_0/l/0/0_0.jpg": {
  "size": 13343
 },
 "skin/Button_F0FA9EC7_E4EE_5375_41BE_F26B3FC7C264.png": {
  "size": 353
 },
 "media/panorama_C9F9CB78_DB90_FC11_41E9_6E303CA66A0D_0/l/1/1_0.jpg": {
  "size": 5514
 },
 "media/panorama_CA0D2937_DB90_5C1F_41C1_3A22D6FAEAF2_0/b/1/0_1.jpg": {
  "size": 7719
 },
 "media/panorama_D4A11BCC_DBB0_FC71_41D0_94884094A022_1_HS_2_0.png": {
  "size": 12456
 },
 "media/panorama_D4F951E6_DBB0_4C31_41C3_F5A2780BAC65_0/l/0/2_0.jpg": {
  "size": 16075
 },
 "media/panorama_CBFBDDCD_DB91_D473_41BC_ACAA1C31DBB5_0/b/0/1_2.jpg": {
  "size": 12956
 },
 "media/panorama_CA423771_DBB7_F413_41C3_0D355D63A920_0/d/0/1_1.jpg": {
  "size": 7647
 },
 "media/panorama_D4F951E6_DBB0_4C31_41C3_F5A2780BAC65_0_HS_0_0.png": {
  "size": 7506
 },
 "media/panorama_C9F9CB78_DB90_FC11_41E9_6E303CA66A0D_0/u/0/2_2.jpg": {
  "size": 9917
 },
 "media/map_EC81520A_E266_EAB5_41E5_A93A73CA8842_HS_17.png": {
  "size": 1584
 },
 "media/panorama_CB758832_DBB0_7C11_41E1_D49EC19CD9F2_0/f/0/2_2.jpg": {
  "size": 3426
 },
 "media/panorama_CBCD6822_DB90_5C31_41E8_D76D0E29E1B1_0/l/0/1_0.jpg": {
  "size": 7900
 },
 "media/panorama_CA423771_DBB7_F413_41C3_0D355D63A920_0/b/1/0_1.jpg": {
  "size": 21825
 },
 "media/panorama_C9F9CB78_DB90_FC11_41E9_6E303CA66A0D_0/f/0/1_0.jpg": {
  "size": 4355
 },
 "media/panorama_CBFBDDCD_DB91_D473_41BC_ACAA1C31DBB5_0/r/0/2_1.jpg": {
  "size": 10975
 },
 "media/panorama_D4A11BCC_DBB0_FC71_41D0_94884094A022_0/u/0/0_0.jpg": {
  "size": 4294
 },
 "media/panorama_CB758832_DBB0_7C11_41E1_D49EC19CD9F2_0/u/0/0_0.jpg": {
  "size": 11082
 },
 "media/panorama_C9F9CB78_DB90_FC11_41E9_6E303CA66A0D_0/b/1/0_0.jpg": {
  "size": 12973
 },
 "media/panorama_CBCD6822_DB90_5C31_41E8_D76D0E29E1B1_0/d/0/1_1.jpg": {
  "size": 16183
 },
 "skin/IconButton_C02767A0_E5BE_712A_41CC_81C3F92FFCE5_rollover.png": {
  "size": 13612
 },
 "media/panorama_CBFBDDCD_DB91_D473_41BC_ACAA1C31DBB5_0/f/0/2_0.jpg": {
  "size": 8545
 },
 "media/panorama_D4373514_DBB0_5411_41E3_3F811A9931A3_0/r/0/0_0.jpg": {
  "size": 2989
 },
 "media/panorama_CBCD6822_DB90_5C31_41E8_D76D0E29E1B1_0/r/1/1_1.jpg": {
  "size": 12566
 },
 "media/panorama_C9F9CB78_DB90_FC11_41E9_6E303CA66A0D_0/b/0/1_2.jpg": {
  "size": 15283
 },
 "media/map_EC81520A_E266_EAB5_41E5_A93A73CA8842_HS_15.png": {
  "size": 1584
 },
 "media/panorama_CA0D2937_DB90_5C1F_41C1_3A22D6FAEAF2_0/r/0/1_0.jpg": {
  "size": 13713
 },
 "media/panorama_CBCD6822_DB90_5C31_41E8_D76D0E29E1B1_0/f/0/1_2.jpg": {
  "size": 7501
 },
 "media/panorama_D4A11BCC_DBB0_FC71_41D0_94884094A022_0/d/1/1_1.jpg": {
  "size": 13767
 },
 "media/panorama_CB758832_DBB0_7C11_41E1_D49EC19CD9F2_0/l/0/0_0.jpg": {
  "size": 14396
 },
 "media/panorama_D4F951E6_DBB0_4C31_41C3_F5A2780BAC65_0/l/1/1_1.jpg": {
  "size": 9036
 },
 "lib/cursors/FW.cur": {
  "size": 4526
 },
 "media/panorama_C9F9CB78_DB90_FC11_41E9_6E303CA66A0D_0/f/1/1_1.jpg": {
  "size": 13888
 },
 "media/panorama_D4373514_DBB0_5411_41E3_3F811A9931A3_0/b/0/2_0.jpg": {
  "size": 13229
 },
 "media/panorama_D4373514_DBB0_5411_41E3_3F811A9931A3_0/u/1/1_1.jpg": {
  "size": 7685
 },
 "media/panorama_D4A11BCC_DBB0_FC71_41D0_94884094A022_0/l/1/0_1.jpg": {
  "size": 7284
 },
 "media/panorama_CA0D2937_DB90_5C1F_41C1_3A22D6FAEAF2_0/f/0/1_0.jpg": {
  "size": 10580
 },
 "media/panorama_CBFBDDCD_DB91_D473_41BC_ACAA1C31DBB5_0/f/1/1_1.jpg": {
  "size": 6738
 },
 "media/panorama_CA0D2937_DB90_5C1F_41C1_3A22D6FAEAF2_0/u/0/2_1.jpg": {
  "size": 10141
 },
 "media/panorama_CBCD6822_DB90_5C31_41E8_D76D0E29E1B1_0/d/0/2_0.jpg": {
  "size": 15018
 },
 "media/panorama_CB758832_DBB0_7C11_41E1_D49EC19CD9F2_0/b/0/1_0.jpg": {
  "size": 12210
 },
 "media/panorama_D4F951E6_DBB0_4C31_41C3_F5A2780BAC65_0_HS_4_1_0_map.gif": {
  "size": 508
 },
 "media/panorama_D4A11BCC_DBB0_FC71_41D0_94884094A022_0/b/0/2_1.jpg": {
  "size": 6674
 },
 "media/panorama_D4A11BCC_DBB0_FC71_41D0_94884094A022_0/r/1/1_1.jpg": {
  "size": 20015
 },
 "media/panorama_CBCD6822_DB90_5C31_41E8_D76D0E29E1B1_0/l/0/2_0.jpg": {
  "size": 11354
 },
 "media/panorama_D4F951E6_DBB0_4C31_41C3_F5A2780BAC65_0/b/0/0_1.jpg": {
  "size": 10676
 },
 "media/panorama_D4373514_DBB0_5411_41E3_3F811A9931A3_0/f/1/0_1.jpg": {
  "size": 9215
 },
 "media/panorama_D4A11BCC_DBB0_FC71_41D0_94884094A022_0/d/0/0_0.jpg": {
  "size": 8433
 },
 "lib/cursors/S.cur": {
  "size": 3542
 },
 "media/panorama_C9F9CB78_DB90_FC11_41E9_6E303CA66A0D_0/u/1/0_0.jpg": {
  "size": 17787
 },
 "media/panorama_CB758832_DBB0_7C11_41E1_D49EC19CD9F2_0/r/1/0_0.jpg": {
  "size": 7972
 },
 "media/panorama_CBFBDDCD_DB91_D473_41BC_ACAA1C31DBB5_0/l/0/2_2.jpg": {
  "size": 9950
 },
 "media/panorama_C9F9CB78_DB90_FC11_41E9_6E303CA66A0D_0/f/0/2_1.jpg": {
  "size": 7167
 },
 "media/panorama_D4F951E6_DBB0_4C31_41C3_F5A2780BAC65_1_HS_10_0.png": {
  "size": 55213
 },
 "media/panorama_C9F9CB78_DB90_FC11_41E9_6E303CA66A0D_0/r/0/2_2.jpg": {
  "size": 7676
 },
 "media/panorama_CBFBDDCD_DB91_D473_41BC_ACAA1C31DBB5_0/b/0/1_1.jpg": {
  "size": 16172
 },
 "media/panorama_D4F951E6_DBB0_4C31_41C3_F5A2780BAC65_0/f/0/2_0.jpg": {
  "size": 10486
 },
 "media/panorama_CA0D2937_DB90_5C1F_41C1_3A22D6FAEAF2_0/u/0/0_2.jpg": {
  "size": 5239
 },
 "media/panorama_D4A11BCC_DBB0_FC71_41D0_94884094A022_0/f/1/0_1.jpg": {
  "size": 11776
 },
 "media/panorama_CBFBDDCD_DB91_D473_41BC_ACAA1C31DBB5_1_HS_7_0.png": {
  "size": 711531
 },
 "media/panorama_CA423771_DBB7_F413_41C3_0D355D63A920_0/f/1/1_1.jpg": {
  "size": 12275
 },
 "media/panorama_CBFBDDCD_DB91_D473_41BC_ACAA1C31DBB5_0_HS_4_0.png": {
  "size": 63317
 },
 "media/panorama_CBCD6822_DB90_5C31_41E8_D76D0E29E1B1_0/d/1/0_1.jpg": {
  "size": 15448
 },
 "media/panorama_D4373514_DBB0_5411_41E3_3F811A9931A3_0/f/0/2_1.jpg": {
  "size": 4097
 },
 "media/audio_E8A93F21_FA5F_B7A9_41E3_21477D074F27.ogg": {
  "size": 740821
 },
 "media/map_EC81520A_E266_EAB5_41E5_A93A73CA8842_HS_13.png": {
  "size": 1584
 },
 "media/panorama_CA0D2937_DB90_5C1F_41C1_3A22D6FAEAF2_0/f/0/2_1.jpg": {
  "size": 12924
 },
 "media/panorama_CA0D2937_DB90_5C1F_41C1_3A22D6FAEAF2_0/l/0/1_2.jpg": {
  "size": 16216
 },
 "media/panorama_CBFBDDCD_DB91_D473_41BC_ACAA1C31DBB5_0/r/0/1_0.jpg": {
  "size": 11167
 },
 "media/video_C4B7A912_E557_DEEF_41C4_D63191847C70_t.jpg": {
  "size": 9155
 },
 "media/panorama_D4373514_DBB0_5411_41E3_3F811A9931A3_1_HS_5_0.png": {
  "size": 711531
 },
 "media/panorama_CA423771_DBB7_F413_41C3_0D355D63A920_0/d/1/0_0.jpg": {
  "size": 8460
 },
 "media/panorama_D4F951E6_DBB0_4C31_41C3_F5A2780BAC65_0/l/0/2_2.jpg": {
  "size": 5617
 },
 "skin/IconButton_F0745506_E4F1_F6F6_41CD_D7A14257209E_rollover.png": {
  "size": 5341
 },
 "media/panorama_C9F9CB78_DB90_FC11_41E9_6E303CA66A0D_t.jpg": {
  "size": 18603
 },
 "media/panorama_C9F9CB78_DB90_FC11_41E9_6E303CA66A0D_0/b/0/0_0.jpg": {
  "size": 12342
 },
 "media/panorama_D4A11BCC_DBB0_FC71_41D0_94884094A022_1_HS_8_1_0_map.gif": {
  "size": 470
 },
 "media/panorama_D4F951E6_DBB0_4C31_41C3_F5A2780BAC65_0/l/2/0_0.jpg": {
  "size": 17495
 },
 "media/panorama_C9F9CB78_DB90_FC11_41E9_6E303CA66A0D_0/r/0/1_0.jpg": {
  "size": 12596
 },
 "media/panorama_CBCD6822_DB90_5C31_41E8_D76D0E29E1B1_0/b/1/0_0.jpg": {
  "size": 10649
 },
 "media/panorama_D4F951E6_DBB0_4C31_41C3_F5A2780BAC65_0/d/0/0_0.jpg": {
  "size": 12064
 },
 "media/panorama_CB758832_DBB0_7C11_41E1_D49EC19CD9F2_0/u/0/2_0.jpg": {
  "size": 4347
 },
 "media/panorama_CBFBDDCD_DB91_D473_41BC_ACAA1C31DBB5_0/l/0/1_0.jpg": {
  "size": 13265
 },
 "media/panorama_CB758832_DBB0_7C11_41E1_D49EC19CD9F2_0/d/0/1_0.jpg": {
  "size": 11637
 },
 "media/panorama_C9F9CB78_DB90_FC11_41E9_6E303CA66A0D_0/u/0/1_1.jpg": {
  "size": 7155
 },
 "media/panorama_CB758832_DBB0_7C11_41E1_D49EC19CD9F2_0/r/0/2_1.jpg": {
  "size": 7236
 },
 "media/panorama_C9F9CB78_DB90_FC11_41E9_6E303CA66A0D_0/r/1/0_1.jpg": {
  "size": 10389
 },
 "media/panorama_CB758832_DBB0_7C11_41E1_D49EC19CD9F2_0/f/0/0_0.jpg": {
  "size": 3978
 },
 "media/panorama_D4F951E6_DBB0_4C31_41C3_F5A2780BAC65_1_HS_3_0_0_map.gif": {
  "size": 861
 },
 "media/panorama_CBFBDDCD_DB91_D473_41BC_ACAA1C31DBB5_0/u/0/1_0.jpg": {
  "size": 8543
 },
 "media/panorama_C9F9CB78_DB90_FC11_41E9_6E303CA66A0D_0/d/1/1_1.jpg": {
  "size": 10200
 },
 "media/panorama_D4F951E6_DBB0_4C31_41C3_F5A2780BAC65_0/r/0/2_0.jpg": {
  "size": 17219
 },
 "media/panorama_D4373514_DBB0_5411_41E3_3F811A9931A3_0/d/1/1_0.jpg": {
  "size": 21711
 },
 "media/panorama_D4373514_DBB0_5411_41E3_3F811A9931A3_0/f/2/0_0.jpg": {
  "size": 11140
 },
 "media/panorama_CBFBDDCD_DB91_D473_41BC_ACAA1C31DBB5_0/d/0/0_2.jpg": {
  "size": 10165
 },
 "media/panorama_CBFBDDCD_DB91_D473_41BC_ACAA1C31DBB5_0/b/0/0_2.jpg": {
  "size": 8346
 },
 "media/panorama_C9F9CB78_DB90_FC11_41E9_6E303CA66A0D_0/d/0/1_2.jpg": {
  "size": 9964
 },
 "media/panorama_CBCD6822_DB90_5C31_41E8_D76D0E29E1B1_0/l/1/1_0.jpg": {
  "size": 15620
 },
 "media/panorama_CA423771_DBB7_F413_41C3_0D355D63A920_0_HS_1_00005.png": {
  "size": 9359
 },
 "lib/preload.gif": {
  "size": 4178
 },
 "media/panorama_D4373514_DBB0_5411_41E3_3F811A9931A3_0/d/2/0_0.jpg": {
  "size": 24118
 },
 "media/panorama_D4F951E6_DBB0_4C31_41C3_F5A2780BAC65_0/b/0/2_1.jpg": {
  "size": 10073
 },
 "media/panorama_CA423771_DBB7_F413_41C3_0D355D63A920_0/b/0/0_1.jpg": {
  "size": 15694
 },
 "media/panorama_D4373514_DBB0_5411_41E3_3F811A9931A3_0/u/0/2_0.jpg": {
  "size": 6528
 },
 "media/panorama_D4F951E6_DBB0_4C31_41C3_F5A2780BAC65_0/r/1/1_0.jpg": {
  "size": 19484
 },
 "media/panorama_CA0D2937_DB90_5C1F_41C1_3A22D6FAEAF2_0/b/0/2_2.jpg": {
  "size": 7916
 },
 "media/panorama_CBCD6822_DB90_5C31_41E8_D76D0E29E1B1_0/f/0/0_2.jpg": {
  "size": 11974
 },
 "media/panorama_CA423771_DBB7_F413_41C3_0D355D63A920_0/l/0/1_0.jpg": {
  "size": 21744
 },
 "media/panorama_C9F9CB78_DB90_FC11_41E9_6E303CA66A0D_0/f/2/0_0.jpg": {
  "size": 15585
 },
 "media/panorama_CA0D2937_DB90_5C1F_41C1_3A22D6FAEAF2_0/l/2/0_0.jpg": {
  "size": 23617
 },
 "media/panorama_CBFBDDCD_DB91_D473_41BC_ACAA1C31DBB5_0_HS_6_1_0_map.gif": {
  "size": 560
 },
 "media/panorama_D4A11BCC_DBB0_FC71_41D0_94884094A022_0/u/1/1_1.jpg": {
  "size": 4417
 },
 "media/panorama_D4F951E6_DBB0_4C31_41C3_F5A2780BAC65_0/b/1/0_0.jpg": {
  "size": 16245
 },
 "media/panorama_D4A11BCC_DBB0_FC71_41D0_94884094A022_0/l/1/0_0.jpg": {
  "size": 14336
 },
 "media/panorama_D4F951E6_DBB0_4C31_41C3_F5A2780BAC65_0/b/0/1_2.jpg": {
  "size": 10043
 },
 "media/panorama_C9F9CB78_DB90_FC11_41E9_6E303CA66A0D_0/b/1/1_1.jpg": {
  "size": 13219
 },
 "media/panorama_D4373514_DBB0_5411_41E3_3F811A9931A3_0/b/1/1_1.jpg": {
  "size": 19282
 },
 "media/panorama_CA423771_DBB7_F413_41C3_0D355D63A920_0/r/1/1_1.jpg": {
  "size": 3920
 },
 "media/panorama_D4A11BCC_DBB0_FC71_41D0_94884094A022_0/d/0/2_1.jpg": {
  "size": 11345
 },
 "media/panorama_CB758832_DBB0_7C11_41E1_D49EC19CD9F2_0/l/1/1_1.jpg": {
  "size": 11731
 },
 "media/panorama_D4A11BCC_DBB0_FC71_41D0_94884094A022_1_HS_8_0.png": {
  "size": 24818
 },
 "media/panorama_CBFBDDCD_DB91_D473_41BC_ACAA1C31DBB5_0_HS_2_0.png": {
  "size": 10641
 },
 "media/panorama_CA0D2937_DB90_5C1F_41C1_3A22D6FAEAF2_0_HS_0_0.png": {
  "size": 20911
 },
 "media/panorama_D4F951E6_DBB0_4C31_41C3_F5A2780BAC65_0/b/1/1_1.jpg": {
  "size": 14387
 },
 "media/panorama_CB758832_DBB0_7C11_41E1_D49EC19CD9F2_0/l/0/2_2.jpg": {
  "size": 6322
 },
 "media/panorama_CA0D2937_DB90_5C1F_41C1_3A22D6FAEAF2_0_HS_0_1_0_map.gif": {
  "size": 519
 },
 "lib/cursors/W.cur": {
  "size": 3542
 },
 "media/panorama_D4F951E6_DBB0_4C31_41C3_F5A2780BAC65_0/f/0/1_0.jpg": {
  "size": 9300
 },
 "media/map_EC81520A_E266_EAB5_41E5_A93A73CA8842_HS_13_map.gif": {
  "size": 858
 },
 "media/panorama_D4A11BCC_DBB0_FC71_41D0_94884094A022_0/d/0/1_0.jpg": {
  "size": 9200
 },
 "media/panorama_D4A11BCC_DBB0_FC71_41D0_94884094A022_0/b/0/2_0.jpg": {
  "size": 14969
 },
 "media/panorama_CA423771_DBB7_F413_41C3_0D355D63A920_0/r/0/0_2.jpg": {
  "size": 3447
 },
 "media/panorama_D4A11BCC_DBB0_FC71_41D0_94884094A022_1_HS_6_0.png": {
  "size": 711531
 },
 "media/audio_E8A93F21_FA5F_B7A9_41E3_21477D074F27.mp3": {
  "size": 614870
 },
 "media/video_F07A4F69_E00D_43DD_41E7_FF7000D69CFB_t.jpg": {
  "size": 5291
 },
 "media/panorama_CA0D2937_DB90_5C1F_41C1_3A22D6FAEAF2_0/d/0/2_1.jpg": {
  "size": 8929
 },
 "media/panorama_CBCD6822_DB90_5C31_41E8_D76D0E29E1B1_0/b/0/2_1.jpg": {
  "size": 9120
 },
 "imsmanifest.xml": {
  "size": 73781
 },
 "index.htm": {
  "size": 16056
 },
 "media/video_C4B7A912_E557_DEEF_41C4_D63191847C70.mp4": {
  "size": 3723537
 },
 "media/panorama_D4373514_DBB0_5411_41E3_3F811A9931A3_0/f/0/0_0.jpg": {
  "size": 7313
 },
 "media/panorama_CA0D2937_DB90_5C1F_41C1_3A22D6FAEAF2_0/u/0/0_1.jpg": {
  "size": 6215
 },
 "media/panorama_CB758832_DBB0_7C11_41E1_D49EC19CD9F2_t.jpg": {
  "size": 17805
 },
 "media/panorama_D4373514_DBB0_5411_41E3_3F811A9931A3_0/l/1/0_0.jpg": {
  "size": 6619
 },
 "media/panorama_CA0D2937_DB90_5C1F_41C1_3A22D6FAEAF2_0/u/0/2_0.jpg": {
  "size": 9743
 },
 "media/panorama_CA423771_DBB7_F413_41C3_0D355D63A920_0/b/0/2_2.jpg": {
  "size": 13780
 },
 "skin/Button_F0FABEC7_E4EE_5375_41DD_B033D3902DC3_pressed.png": {
  "size": 489
 },
 "media/panorama_C9F9CB78_DB90_FC11_41E9_6E303CA66A0D_0/r/0/2_0.jpg": {
  "size": 7245
 },
 "media/panorama_C9F9CB78_DB90_FC11_41E9_6E303CA66A0D_0/d/0/0_2.jpg": {
  "size": 11061
 },
 "media/panorama_CB758832_DBB0_7C11_41E1_D49EC19CD9F2_0/d/0/2_2.jpg": {
  "size": 12904
 },
 "media/panorama_CB758832_DBB0_7C11_41E1_D49EC19CD9F2_0/l/0/2_1.jpg": {
  "size": 20898
 },
 "media/panorama_CA0D2937_DB90_5C1F_41C1_3A22D6FAEAF2_0/u/0/1_0.jpg": {
  "size": 4476
 },
 "media/panorama_D4F951E6_DBB0_4C31_41C3_F5A2780BAC65_0/d/0/1_1.jpg": {
  "size": 16695
 },
 "media/panorama_D4373514_DBB0_5411_41E3_3F811A9931A3_0/r/2/0_0.jpg": {
  "size": 14744
 },
 "media/panorama_CA423771_DBB7_F413_41C3_0D355D63A920_0_HS_1_1_0_map.gif": {
  "size": 709
 },
 "media/panorama_D4A11BCC_DBB0_FC71_41D0_94884094A022_0/d/1/1_0.jpg": {
  "size": 11200
 },
 "media/panorama_CA0D2937_DB90_5C1F_41C1_3A22D6FAEAF2_0/b/0/2_0.jpg": {
  "size": 8492
 },
 "media/map_EC81520A_E266_EAB5_41E5_A93A73CA8842_HS_15_map.gif": {
  "size": 858
 },
 "media/panorama_CA423771_DBB7_F413_41C3_0D355D63A920_0/f/0/1_0.jpg": {
  "size": 10049
 },
 "media/panorama_CA0D2937_DB90_5C1F_41C1_3A22D6FAEAF2_0/r/2/0_0.jpg": {
  "size": 18599
 },
 "media/panorama_CB758832_DBB0_7C11_41E1_D49EC19CD9F2_0/u/0/1_1.jpg": {
  "size": 4386
 },
 "media/panorama_D4F951E6_DBB0_4C31_41C3_F5A2780BAC65_0/l/1/1_0.jpg": {
  "size": 17438
 },
 "media/panorama_D4373514_DBB0_5411_41E3_3F811A9931A3_0/u/0/1_2.jpg": {
  "size": 6478
 },
 "media/panorama_CA0D2937_DB90_5C1F_41C1_3A22D6FAEAF2_0/f/1/1_1.jpg": {
  "size": 18328
 },
 "media/panorama_CA0D2937_DB90_5C1F_41C1_3A22D6FAEAF2_0/f/1/1_0.jpg": {
  "size": 14576
 },
 "media/panorama_CBFBDDCD_DB91_D473_41BC_ACAA1C31DBB5_0/f/1/1_0.jpg": {
  "size": 10375
 },
 "media/panorama_CBFBDDCD_DB91_D473_41BC_ACAA1C31DBB5_0/l/0/0_2.jpg": {
  "size": 14478
 },
 "media/panorama_CA423771_DBB7_F413_41C3_0D355D63A920_0/l/1/1_0.jpg": {
  "size": 19486
 },
 "media/panorama_D4373514_DBB0_5411_41E3_3F811A9931A3_0/f/1/0_0.jpg": {
  "size": 8426
 },
 "media/panorama_CBFBDDCD_DB91_D473_41BC_ACAA1C31DBB5_0/l/1/0_0.jpg": {
  "size": 10571
 },
 "media/panorama_CBCD6822_DB90_5C31_41E8_D76D0E29E1B1_0/f/0/2_1.jpg": {
  "size": 14164
 },
 "media/panorama_D4A11BCC_DBB0_FC71_41D0_94884094A022_1_HS_7_0_0_map.gif": {
  "size": 861
 },
 "media/panorama_CA0D2937_DB90_5C1F_41C1_3A22D6FAEAF2_0/r/0/0_2.jpg": {
  "size": 9064
 },
 "media/panorama_CBFBDDCD_DB91_D473_41BC_ACAA1C31DBB5_0_HS_6_0.png": {
  "size": 79015
 },
 "media/panorama_CB758832_DBB0_7C11_41E1_D49EC19CD9F2_0/b/0/0_2.jpg": {
  "size": 15018
 },
 "media/panorama_CB758832_DBB0_7C11_41E1_D49EC19CD9F2_0/b/2/0_0.jpg": {
  "size": 23807
 },
 "media/panorama_CBFBDDCD_DB91_D473_41BC_ACAA1C31DBB5_0/d/1/0_1.jpg": {
  "size": 12533
 },
 "media/panorama_CBCD6822_DB90_5C31_41E8_D76D0E29E1B1_0/l/0/0_2.jpg": {
  "size": 17733
 },
 "media/panorama_CA423771_DBB7_F413_41C3_0D355D63A920_0/u/0/2_0.jpg": {
  "size": 6340
 },
 "lib/cursors/FNE.cur": {
  "size": 4526
 },
 "media/panorama_D4373514_DBB0_5411_41E3_3F811A9931A3_0/f/0/2_0.jpg": {
  "size": 5762
 },
 "media/panorama_C9F9CB78_DB90_FC11_41E9_6E303CA66A0D_0/r/0/0_2.jpg": {
  "size": 8146
 },
 "media/panorama_CA423771_DBB7_F413_41C3_0D355D63A920_1_HS_2_0.png": {
  "size": 711531
 },
 "media/panorama_C9F9CB78_DB90_FC11_41E9_6E303CA66A0D_0/d/1/1_0.jpg": {
  "size": 10333
 },
 "media/panorama_CA423771_DBB7_F413_41C3_0D355D63A920_0/f/0/2_1.jpg": {
  "size": 7057
 },
 "media/panorama_D4A11BCC_DBB0_FC71_41D0_94884094A022_0/u/0/1_0.jpg": {
  "size": 6712
 },
 "media/panorama_CB758832_DBB0_7C11_41E1_D49EC19CD9F2_0/f/0/1_2.jpg": {
  "size": 3510
 },
 "media/panorama_D4A11BCC_DBB0_FC71_41D0_94884094A022_0/u/1/1_0.jpg": {
  "size": 8323
 },
 "media/panorama_D4A11BCC_DBB0_FC71_41D0_94884094A022_0/l/2/0_0.jpg": {
  "size": 16815
 },
 "media/panorama_CB758832_DBB0_7C11_41E1_D49EC19CD9F2_0/f/1/1_0.jpg": {
  "size": 4177
 },
 "media/panorama_C9F9CB78_DB90_FC11_41E9_6E303CA66A0D_0/b/0/1_1.jpg": {
  "size": 6545
 },
 "media/panorama_D4A11BCC_DBB0_FC71_41D0_94884094A022_0/u/0/2_2.jpg": {
  "size": 3152
 },
 "media/panorama_CBCD6822_DB90_5C31_41E8_D76D0E29E1B1_0/f/1/1_1.jpg": {
  "size": 12138
 },
 "media/panorama_CBFBDDCD_DB91_D473_41BC_ACAA1C31DBB5_0/b/1/0_1.jpg": {
  "size": 13848
 },
 "media/panorama_C9F9CB78_DB90_FC11_41E9_6E303CA66A0D_0/l/0/1_2.jpg": {
  "size": 6972
 },
 "media/panorama_CA423771_DBB7_F413_41C3_0D355D63A920_0/f/1/1_0.jpg": {
  "size": 10343
 },
 "media/panorama_D4A11BCC_DBB0_FC71_41D0_94884094A022_0/l/0/1_0.jpg": {
  "size": 19068
 },
 "media/panorama_D4A11BCC_DBB0_FC71_41D0_94884094A022_0/l/0/2_1.jpg": {
  "size": 8737
 },
 "media/panorama_CBCD6822_DB90_5C31_41E8_D76D0E29E1B1_0/b/0/1_1.jpg": {
  "size": 3493
 },
 "media/panorama_CA423771_DBB7_F413_41C3_0D355D63A920_0/r/1/1_0.jpg": {
  "size": 7713
 },
 "media/panorama_D4F951E6_DBB0_4C31_41C3_F5A2780BAC65_0/r/2/0_0.jpg": {
  "size": 23103
 },
 "media/panorama_CBCD6822_DB90_5C31_41E8_D76D0E29E1B1_0_HS_0_0.png": {
  "size": 19031
 },
 "media/panorama_CA423771_DBB7_F413_41C3_0D355D63A920_0/b/0/1_2.jpg": {
  "size": 19079
 },
 "media/panorama_C9F9CB78_DB90_FC11_41E9_6E303CA66A0D_0/d/0/1_0.jpg": {
  "size": 6831
 },
 "media/panorama_CBCD6822_DB90_5C31_41E8_D76D0E29E1B1_0/f/0/0_1.jpg": {
  "size": 8420
 },
 "media/panorama_CBCD6822_DB90_5C31_41E8_D76D0E29E1B1_0/r/1/0_1.jpg": {
  "size": 12818
 },
 "media/panorama_CBCD6822_DB90_5C31_41E8_D76D0E29E1B1_0/d/0/0_1.jpg": {
  "size": 14883
 },
 "lib/Hls.js": {
  "size": 252957
 },
 "media/panorama_CB758832_DBB0_7C11_41E1_D49EC19CD9F2_0/r/0/1_0.jpg": {
  "size": 5816
 },
 "media/panorama_D4F951E6_DBB0_4C31_41C3_F5A2780BAC65_0/r/0/2_1.jpg": {
  "size": 11575
 },
 "media/panorama_CA0D2937_DB90_5C1F_41C1_3A22D6FAEAF2_0/l/0/2_1.jpg": {
  "size": 8053
 },
 "skin/IconButton_EB0C8DDE_E4D2_F117_41D3_B9E6A5071D2C.png": {
  "size": 5596
 },
 "lib/WebVRPolyfill.js": {
  "size": 102866
 },
 "lib/cursors/grabbing.cur": {
  "size": 326
 },
 "media/panorama_C9F9CB78_DB90_FC11_41E9_6E303CA66A0D_0/l/1/1_1.jpg": {
  "size": 6109
 },
 "media/panorama_CA423771_DBB7_F413_41C3_0D355D63A920_0/u/2/0_0.jpg": {
  "size": 11308
 },
 "media/panorama_C9F9CB78_DB90_FC11_41E9_6E303CA66A0D_0/l/0/2_2.jpg": {
  "size": 5338
 },
 "media/panorama_D4F951E6_DBB0_4C31_41C3_F5A2780BAC65_0/b/2/0_0.jpg": {
  "size": 19221
 },
 "media/panorama_CA423771_DBB7_F413_41C3_0D355D63A920_0/b/2/0_0.jpg": {
  "size": 20548
 },
 "media/panorama_CBCD6822_DB90_5C31_41E8_D76D0E29E1B1_0/u/0/2_0.jpg": {
  "size": 7266
 },
 "media/panorama_CA423771_DBB7_F413_41C3_0D355D63A920_0/d/0/2_2.jpg": {
  "size": 14335
 },
 "media/panorama_CBCD6822_DB90_5C31_41E8_D76D0E29E1B1_0/r/0/0_1.jpg": {
  "size": 7907
 },
 "media/panorama_D4373514_DBB0_5411_41E3_3F811A9931A3_0/d/0/0_2.jpg": {
  "size": 9907
 },
 "media/panorama_CA423771_DBB7_F413_41C3_0D355D63A920_0/b/0/0_0.jpg": {
  "size": 9329
 },
 "media/panorama_CA423771_DBB7_F413_41C3_0D355D63A920_0/f/0/1_2.jpg": {
  "size": 12644
 },
 "media/panorama_D4F951E6_DBB0_4C31_41C3_F5A2780BAC65_0/d/0/2_2.jpg": {
  "size": 7271
 },
 "media/panorama_D4F951E6_DBB0_4C31_41C3_F5A2780BAC65_0/u/0/2_2.jpg": {
  "size": 5605
 },
 "media/panorama_C9F9CB78_DB90_FC11_41E9_6E303CA66A0D_0/f/1/1_0.jpg": {
  "size": 6949
 },
 "media/panorama_CBCD6822_DB90_5C31_41E8_D76D0E29E1B1_0/r/0/2_2.jpg": {
  "size": 11127
 },
 "media/panorama_CBFBDDCD_DB91_D473_41BC_ACAA1C31DBB5_1_HS_7_0_0_map.gif": {
  "size": 861
 },
 "media/panorama_D4A11BCC_DBB0_FC71_41D0_94884094A022_1_HS_7_0.png": {
  "size": 711531
 },
 "media/panorama_D4373514_DBB0_5411_41E3_3F811A9931A3_0/l/0/0_0.jpg": {
  "size": 4590
 },
 "media/panorama_C9F9CB78_DB90_FC11_41E9_6E303CA66A0D_0/d/0/1_1.jpg": {
  "size": 8991
 },
 "media/panorama_CA423771_DBB7_F413_41C3_0D355D63A920_t.jpg": {
  "size": 17943
 },
 "media/panorama_D4373514_DBB0_5411_41E3_3F811A9931A3_0/b/0/1_1.jpg": {
  "size": 22686
 },
 "media/panorama_CA0D2937_DB90_5C1F_41C1_3A22D6FAEAF2_0/d/0/0_1.jpg": {
  "size": 11932
 },
 "media/map_EC81520A_E266_EAB5_41E5_A93A73CA8842.png": {
  "size": 186540
 },
 "media/panorama_CA423771_DBB7_F413_41C3_0D355D63A920_0/f/0/0_2.jpg": {
  "size": 5526
 },
 "media/panorama_D4A11BCC_DBB0_FC71_41D0_94884094A022_0/b/0/0_0.jpg": {
  "size": 4356
 },
 "media/panorama_D4F951E6_DBB0_4C31_41C3_F5A2780BAC65_0_HS_5_0.png": {
  "size": 6755
 },
 "media/panorama_D4373514_DBB0_5411_41E3_3F811A9931A3_0/b/1/1_0.jpg": {
  "size": 20738
 },
 "lib/cursors/SW.cur": {
  "size": 3542
 },
 "skin/IconButton_F953B66C_E4B3_F33A_41E4_417B1EFF1228_rollover.png": {
  "size": 4337
 },
 "media/panorama_D4F951E6_DBB0_4C31_41C3_F5A2780BAC65_0/u/2/0_0.jpg": {
  "size": 16051
 },
 "media/panorama_CA423771_DBB7_F413_41C3_0D355D63A920_0_HS_1_3_4_map.gif": {
  "size": 538
 },
 "media/panorama_CA0D2937_DB90_5C1F_41C1_3A22D6FAEAF2_0/u/0/1_2.jpg": {
  "size": 4261
 },
 "media/panorama_D4F951E6_DBB0_4C31_41C3_F5A2780BAC65_0/l/1/0_1.jpg": {
  "size": 7081
 },
 "media/panorama_D4A11BCC_DBB0_FC71_41D0_94884094A022_0/b/1/0_1.jpg": {
  "size": 4030
 },
 "media/panorama_CBFBDDCD_DB91_D473_41BC_ACAA1C31DBB5_0/b/0/0_0.jpg": {
  "size": 9619
 },
 "media/panorama_CBFBDDCD_DB91_D473_41BC_ACAA1C31DBB5_0/r/0/0_2.jpg": {
  "size": 9349
 },
 "media/panorama_CA0D2937_DB90_5C1F_41C1_3A22D6FAEAF2_0/u/1/1_0.jpg": {
  "size": 10155
 },
 "media/panorama_CBCD6822_DB90_5C31_41E8_D76D0E29E1B1_0/d/2/0_0.jpg": {
  "size": 26843
 },
 "media/panorama_D4A11BCC_DBB0_FC71_41D0_94884094A022_0/b/0/1_2.jpg": {
  "size": 5991
 },
 "skin/Button_F0FB5EC7_E4EE_5375_41E8_5828D3AD5CEC_pressed.png": {
  "size": 407
 },
 "media/panorama_CB758832_DBB0_7C11_41E1_D49EC19CD9F2_0/l/1/1_0.jpg": {
  "size": 18048
 },
 "loading/HTMLImage_EF8C752D_FA44_ABB9_41E1_50DC28B93BF5.png": {
  "size": 7014
 },
 "media/panorama_CBCD6822_DB90_5C31_41E8_D76D0E29E1B1_0/u/0/0_2.jpg": {
  "size": 5656
 },
 "media/panorama_C9F9CB78_DB90_FC11_41E9_6E303CA66A0D_0/f/0/2_0.jpg": {
  "size": 3355
 },
 "media/panorama_C9F9CB78_DB90_FC11_41E9_6E303CA66A0D_0/b/1/1_0.jpg": {
  "size": 6661
 },
 "media/panorama_D4373514_DBB0_5411_41E3_3F811A9931A3_0/l/1/0_1.jpg": {
  "size": 7931
 },
 "media/panorama_C9F9CB78_DB90_FC11_41E9_6E303CA66A0D_0/d/0/2_1.jpg": {
  "size": 10016
 },
 "media/panorama_CBFBDDCD_DB91_D473_41BC_ACAA1C31DBB5_0_HS_2_1_0_map.gif": {
  "size": 529
 },
 "media/panorama_D4373514_DBB0_5411_41E3_3F811A9931A3_0/r/1/1_0.jpg": {
  "size": 4171
 },
 "media/panorama_C9F9CB78_DB90_FC11_41E9_6E303CA66A0D_0/r/0/0_1.jpg": {
  "size": 11756
 },
 "media/panorama_D4A11BCC_DBB0_FC71_41D0_94884094A022_0/r/1/0_1.jpg": {
  "size": 21347
 },
 "media/panorama_C9F9CB78_DB90_FC11_41E9_6E303CA66A0D_0/f/0/0_2.jpg": {
  "size": 11060
 },
 "media/panorama_CA423771_DBB7_F413_41C3_0D355D63A920_1_HS_2_0_0_map.gif": {
  "size": 861
 },
 "media/panorama_CA423771_DBB7_F413_41C3_0D355D63A920_0/l/0/0_2.jpg": {
  "size": 8204
 },
 "media/panorama_D4373514_DBB0_5411_41E3_3F811A9931A3_0/r/0/1_1.jpg": {
  "size": 6574
 },
 "media/panorama_D4A11BCC_DBB0_FC71_41D0_94884094A022_1_HS_5_0_0_map.gif": {
  "size": 861
 },
 "media/panorama_D4373514_DBB0_5411_41E3_3F811A9931A3_0/f/0/1_2.jpg": {
  "size": 8327
 },
 "media/panorama_CA423771_DBB7_F413_41C3_0D355D63A920_0_HS_1_4_5_map.gif": {
  "size": 563
 },
 "media/panorama_D4373514_DBB0_5411_41E3_3F811A9931A3_0/u/0/1_1.jpg": {
  "size": 10743
 },
 "media/panorama_C9F9CB78_DB90_FC11_41E9_6E303CA66A0D_0/u/2/0_0.jpg": {
  "size": 18428
 },
 "media/panorama_CBFBDDCD_DB91_D473_41BC_ACAA1C31DBB5_0/b/0/2_1.jpg": {
  "size": 14581
 },
 "media/map_EC81520A_E266_EAB5_41E5_A93A73CA8842_HS_14.png": {
  "size": 1584
 },
 "media/panorama_CB758832_DBB0_7C11_41E1_D49EC19CD9F2_0/r/0/0_2.jpg": {
  "size": 12124
 },
 "media/panorama_D4A11BCC_DBB0_FC71_41D0_94884094A022_1_HS_6_0_0_map.gif": {
  "size": 861
 },
 "media/panorama_CB758832_DBB0_7C11_41E1_D49EC19CD9F2_0/f/1/0_1.jpg": {
  "size": 4749
 },
 "media/panorama_D4A11BCC_DBB0_FC71_41D0_94884094A022_0/d/0/0_2.jpg": {
  "size": 10399
 },
 "media/panorama_D4373514_DBB0_5411_41E3_3F811A9931A3_0/d/0/0_0.jpg": {
  "size": 8850
 },
 "media/panorama_D4A11BCC_DBB0_FC71_41D0_94884094A022_0/f/0/1_1.jpg": {
  "size": 10586
 },
 "media/panorama_CBCD6822_DB90_5C31_41E8_D76D0E29E1B1_t.jpg": {
  "size": 20276
 },
 "media/panorama_D4A11BCC_DBB0_FC71_41D0_94884094A022_0/b/2/0_0.jpg": {
  "size": 14628
 },
 "media/panorama_CBFBDDCD_DB91_D473_41BC_ACAA1C31DBB5_0/d/1/0_0.jpg": {
  "size": 12509
 },
 "media/panorama_D4A11BCC_DBB0_FC71_41D0_94884094A022_0/l/0/2_0.jpg": {
  "size": 10059
 },
 "media/panorama_CA0D2937_DB90_5C1F_41C1_3A22D6FAEAF2_0/l/1/1_1.jpg": {
  "size": 8814
 },
 "media/panorama_CA0D2937_DB90_5C1F_41C1_3A22D6FAEAF2_0/d/0/2_0.jpg": {
  "size": 8156
 },
 "media/panorama_CA423771_DBB7_F413_41C3_0D355D63A920_0/b/1/0_0.jpg": {
  "size": 12000
 },
 "media/panorama_CB758832_DBB0_7C11_41E1_D49EC19CD9F2_0/b/1/0_0.jpg": {
  "size": 19377
 },
 "media/panorama_CBCD6822_DB90_5C31_41E8_D76D0E29E1B1_0/r/0/1_2.jpg": {
  "size": 10667
 },
 "media/panorama_CBFBDDCD_DB91_D473_41BC_ACAA1C31DBB5_0/l/0/0_1.jpg": {
  "size": 7885
 },
 "media/panorama_CBFBDDCD_DB91_D473_41BC_ACAA1C31DBB5_0/f/1/0_1.jpg": {
  "size": 8702
 },
 "media/panorama_CA0D2937_DB90_5C1F_41C1_3A22D6FAEAF2_0/f/0/2_0.jpg": {
  "size": 10497
 },
 "media/panorama_CA423771_DBB7_F413_41C3_0D355D63A920_0/r/1/0_1.jpg": {
  "size": 4734
 },
 "media/panorama_D4F951E6_DBB0_4C31_41C3_F5A2780BAC65_0/r/0/0_1.jpg": {
  "size": 20529
 },
 "media/map_EC81520A_E266_EAB5_41E5_A93A73CA8842_HS_18_map.gif": {
  "size": 858
 },
 "media/panorama_CA423771_DBB7_F413_41C3_0D355D63A920_0/u/0/1_2.jpg": {
  "size": 5345
 },
 "media/panorama_CBFBDDCD_DB91_D473_41BC_ACAA1C31DBB5_0/b/2/0_0.jpg": {
  "size": 19137
 },
 "lib/tdvplayer.json": {
  "size": 77
 },
 "media/panorama_D4F951E6_DBB0_4C31_41C3_F5A2780BAC65_0/u/0/2_1.jpg": {
  "size": 3109
 },
 "media/panorama_D4373514_DBB0_5411_41E3_3F811A9931A3_0/b/1/0_1.jpg": {
  "size": 12532
 },
 "media/panorama_CBFBDDCD_DB91_D473_41BC_ACAA1C31DBB5_0/d/0/2_2.jpg": {
  "size": 9605
 },
 "media/panorama_D4A11BCC_DBB0_FC71_41D0_94884094A022_0/d/0/2_0.jpg": {
  "size": 8730
 },
 "media/panorama_CBCD6822_DB90_5C31_41E8_D76D0E29E1B1_0/l/2/0_0.jpg": {
  "size": 24726
 },
 "media/panorama_CA0D2937_DB90_5C1F_41C1_3A22D6FAEAF2_0/f/1/0_0.jpg": {
  "size": 13372
 },
 "media/panorama_D4A11BCC_DBB0_FC71_41D0_94884094A022_0/r/0/2_1.jpg": {
  "size": 13136
 },
 "media/panorama_CA0D2937_DB90_5C1F_41C1_3A22D6FAEAF2_0/b/2/0_0.jpg": {
  "size": 13608
 },
 "skin/Button_F0FB6EC7_E4EE_5375_41E4_BF58E8BED9C0.png": {
  "size": 223
 },
 "media/panorama_CBCD6822_DB90_5C31_41E8_D76D0E29E1B1_0/u/0/0_1.jpg": {
  "size": 4473
 },
 "media/panorama_CA0D2937_DB90_5C1F_41C1_3A22D6FAEAF2_0/b/0/2_1.jpg": {
  "size": 7958
 },
 "media/panorama_CB758832_DBB0_7C11_41E1_D49EC19CD9F2_0/l/0/1_2.jpg": {
  "size": 7247
 },
 "media/panorama_CB758832_DBB0_7C11_41E1_D49EC19CD9F2_0/d/2/0_0.jpg": {
  "size": 14461
 },
 "media/panorama_CBCD6822_DB90_5C31_41E8_D76D0E29E1B1_0/d/0/1_0.jpg": {
  "size": 17051
 },
 "media/panorama_D4A11BCC_DBB0_FC71_41D0_94884094A022_0/l/0/0_2.jpg": {
  "size": 6025
 },
 "media/panorama_CA0D2937_DB90_5C1F_41C1_3A22D6FAEAF2_0/d/0/1_0.jpg": {
  "size": 9564
 },
 "media/panorama_D4A11BCC_DBB0_FC71_41D0_94884094A022_0/r/1/0_0.jpg": {
  "size": 14197
 },
 "media/panorama_CB758832_DBB0_7C11_41E1_D49EC19CD9F2_0/f/2/0_0.jpg": {
  "size": 6185
 },
 "media/panorama_D4A11BCC_DBB0_FC71_41D0_94884094A022_0/u/0/2_1.jpg": {
  "size": 4706
 },
 "media/panorama_CA0D2937_DB90_5C1F_41C1_3A22D6FAEAF2_0/b/0/0_1.jpg": {
  "size": 5971
 },
 "media/panorama_CA0D2937_DB90_5C1F_41C1_3A22D6FAEAF2_0/d/0/1_2.jpg": {
  "size": 9154
 },
 "media/panorama_D4373514_DBB0_5411_41E3_3F811A9931A3_0/l/2/0_0.jpg": {
  "size": 9008
 },
 "media/panorama_CA0D2937_DB90_5C1F_41C1_3A22D6FAEAF2_0/b/0/1_2.jpg": {
  "size": 6411
 },
 "media/panorama_CA423771_DBB7_F413_41C3_0D355D63A920_0/f/0/0_1.jpg": {
  "size": 7450
 },
 "media/panorama_CBCD6822_DB90_5C31_41E8_D76D0E29E1B1_0/u/1/1_0.jpg": {
  "size": 7266
 },
 "media/panorama_CBFBDDCD_DB91_D473_41BC_ACAA1C31DBB5_0/f/0/1_0.jpg": {
  "size": 7986
 },
 "media/panorama_D4373514_DBB0_5411_41E3_3F811A9931A3_0/u/1/1_0.jpg": {
  "size": 9940
 },
 "media/panorama_D4A11BCC_DBB0_FC71_41D0_94884094A022_0/u/1/0_1.jpg": {
  "size": 5594
 },
 "media/panorama_D4A11BCC_DBB0_FC71_41D0_94884094A022_0/f/2/0_0.jpg": {
  "size": 19238
 },
 "media/panorama_D4F951E6_DBB0_4C31_41C3_F5A2780BAC65_0/r/1/0_0.jpg": {
  "size": 18512
 },
 "media/panorama_CB758832_DBB0_7C11_41E1_D49EC19CD9F2_0/b/0/0_1.jpg": {
  "size": 16943
 },
 "media/panorama_CA423771_DBB7_F413_41C3_0D355D63A920_0/l/1/0_1.jpg": {
  "size": 11954
 },
 "media/panorama_CBFBDDCD_DB91_D473_41BC_ACAA1C31DBB5_0/l/1/1_1.jpg": {
  "size": 15993
 },
 "media/panorama_C9F9CB78_DB90_FC11_41E9_6E303CA66A0D_0/d/0/0_0.jpg": {
  "size": 4059
 },
 "media/panorama_CBFBDDCD_DB91_D473_41BC_ACAA1C31DBB5_0/u/0/2_0.jpg": {
  "size": 13647
 },
 "media/panorama_CB758832_DBB0_7C11_41E1_D49EC19CD9F2_0/f/0/0_1.jpg": {
  "size": 4093
 },
 "media/panorama_CBCD6822_DB90_5C31_41E8_D76D0E29E1B1_0/u/1/0_0.jpg": {
  "size": 8569
 },
 "media/panorama_CBCD6822_DB90_5C31_41E8_D76D0E29E1B1_0/d/1/0_0.jpg": {
  "size": 21706
 },
 "media/panorama_C9F9CB78_DB90_FC11_41E9_6E303CA66A0D_0/l/1/0_1.jpg": {
  "size": 12422
 },
 "media/panorama_D4F951E6_DBB0_4C31_41C3_F5A2780BAC65_0/f/0/0_0.jpg": {
  "size": 6801
 },
 "media/panorama_C9F9CB78_DB90_FC11_41E9_6E303CA66A0D_0/f/0/1_2.jpg": {
  "size": 12441
 },
 "media/panorama_CA423771_DBB7_F413_41C3_0D355D63A920_0/d/0/2_1.jpg": {
  "size": 20343
 },
 "media/panorama_CBFBDDCD_DB91_D473_41BC_ACAA1C31DBB5_1_HS_9_0_0_map.gif": {
  "size": 861
 },
 "media/panorama_CBFBDDCD_DB91_D473_41BC_ACAA1C31DBB5_0/d/0/1_1.jpg": {
  "size": 10580
 },
 "skin/IconButton_C02767A0_E5BE_712A_41CC_81C3F92FFCE5.png": {
  "size": 13476
 },
 "media/panorama_CA423771_DBB7_F413_41C3_0D355D63A920_0/d/0/1_0.jpg": {
  "size": 4644
 },
 "media/panorama_CA0D2937_DB90_5C1F_41C1_3A22D6FAEAF2_0/r/0/0_1.jpg": {
  "size": 7764
 },
 "media/panorama_CBFBDDCD_DB91_D473_41BC_ACAA1C31DBB5_0/d/0/0_1.jpg": {
  "size": 8067
 },
 "media/panorama_D4373514_DBB0_5411_41E3_3F811A9931A3_0/b/0/0_0.jpg": {
  "size": 11394
 },
 "media/panorama_D4A11BCC_DBB0_FC71_41D0_94884094A022_0/f/1/0_0.jpg": {
  "size": 14474
 },
 "media/panorama_CB758832_DBB0_7C11_41E1_D49EC19CD9F2_0/d/0/0_1.jpg": {
  "size": 4441
 },
 "media/panorama_CBCD6822_DB90_5C31_41E8_D76D0E29E1B1_0/u/0/1_0.jpg": {
  "size": 4768
 },
 "media/panorama_CA0D2937_DB90_5C1F_41C1_3A22D6FAEAF2_0/b/0/1_1.jpg": {
  "size": 7086
 },
 "media/panorama_CA0D2937_DB90_5C1F_41C1_3A22D6FAEAF2_0/d/0/1_1.jpg": {
  "size": 10412
 },
 "media/panorama_D4F951E6_DBB0_4C31_41C3_F5A2780BAC65_0/u/1/1_1.jpg": {
  "size": 8517
 },
 "media/panorama_D4F951E6_DBB0_4C31_41C3_F5A2780BAC65_0/r/1/0_1.jpg": {
  "size": 14688
 },
 "media/panorama_CA0D2937_DB90_5C1F_41C1_3A22D6FAEAF2_0/u/0/0_0.jpg": {
  "size": 9779
 },
 "loading/HTMLImage_EA97A9CC_E4AE_D17A_41C7_E3B9D2758132.png": {
  "size": 6561
 },
 "media/panorama_C9F9CB78_DB90_FC11_41E9_6E303CA66A0D_0/r/1/1_1.jpg": {
  "size": 12442
 },
 "media/panorama_D4A11BCC_DBB0_FC71_41D0_94884094A022_0/b/0/1_1.jpg": {
  "size": 3663
 },
 "media/panorama_D4F951E6_DBB0_4C31_41C3_F5A2780BAC65_0_HS_5_1_0_map.gif": {
  "size": 375
 },
 "media/panorama_CB758832_DBB0_7C11_41E1_D49EC19CD9F2_0/b/1/0_1.jpg": {
  "size": 20969
 },
 "media/panorama_D4F951E6_DBB0_4C31_41C3_F5A2780BAC65_0/l/0/1_1.jpg": {
  "size": 11346
 },
 "media/panorama_D4F951E6_DBB0_4C31_41C3_F5A2780BAC65_0/r/0/1_0.jpg": {
  "size": 11737
 },
 "media/panorama_D4A11BCC_DBB0_FC71_41D0_94884094A022_0/d/1/0_1.jpg": {
  "size": 13506
 },
 "media/panorama_CA0D2937_DB90_5C1F_41C1_3A22D6FAEAF2_0/f/0/0_2.jpg": {
  "size": 5152
 },
 "media/panorama_D4A11BCC_DBB0_FC71_41D0_94884094A022_0/r/0/0_1.jpg": {
  "size": 15107
 },
 "media/panorama_D4373514_DBB0_5411_41E3_3F811A9931A3_0/l/1/1_0.jpg": {
  "size": 5578
 },
 "media/panorama_C9F9CB78_DB90_FC11_41E9_6E303CA66A0D_0/b/0/1_0.jpg": {
  "size": 6368
 },
 "media/panorama_C9F9CB78_DB90_FC11_41E9_6E303CA66A0D_0/r/0/0_0.jpg": {
  "size": 17702
 },
 "media/panorama_CBCD6822_DB90_5C31_41E8_D76D0E29E1B1_0/b/0/0_0.jpg": {
  "size": 9845
 },
 "media/panorama_D4F951E6_DBB0_4C31_41C3_F5A2780BAC65_0/d/1/1_1.jpg": {
  "size": 11521
 },
 "media/panorama_D4F951E6_DBB0_4C31_41C3_F5A2780BAC65_0/d/0/2_1.jpg": {
  "size": 7736
 },
 "skin/Button_F0FB4EC7_E4EE_5375_41CF_622F4DD6CA59_pressed.png": {
  "size": 324
 },
 "media/panorama_CBCD6822_DB90_5C31_41E8_D76D0E29E1B1_0/l/1/0_1.jpg": {
  "size": 19003
 },
 "media/panorama_CB758832_DBB0_7C11_41E1_D49EC19CD9F2_0/l/1/0_1.jpg": {
  "size": 11454
 },
 "media/panorama_D4F951E6_DBB0_4C31_41C3_F5A2780BAC65_0/d/0/1_0.jpg": {
  "size": 11351
 },
 "media/panorama_D4373514_DBB0_5411_41E3_3F811A9931A3_0/r/0/0_2.jpg": {
  "size": 5362
 },
 "media/panorama_CBCD6822_DB90_5C31_41E8_D76D0E29E1B1_0/u/0/1_2.jpg": {
  "size": 4915
 },
 "media/panorama_D4373514_DBB0_5411_41E3_3F811A9931A3_0/b/1/0_0.jpg": {
  "size": 15129
 },
 "media/panorama_D4F951E6_DBB0_4C31_41C3_F5A2780BAC65_0/l/1/0_0.jpg": {
  "size": 12773
 },
 "media/panorama_CB758832_DBB0_7C11_41E1_D49EC19CD9F2_0/d/0/2_0.jpg": {
  "size": 11203
 },
 "media/panorama_D4373514_DBB0_5411_41E3_3F811A9931A3_0/b/0/0_2.jpg": {
  "size": 5908
 },
 "media/panorama_CB758832_DBB0_7C11_41E1_D49EC19CD9F2_0/d/0/1_2.jpg": {
  "size": 4218
 },
 "media/panorama_D4F951E6_DBB0_4C31_41C3_F5A2780BAC65_0/b/1/1_0.jpg": {
  "size": 12294
 },
 "media/panorama_CBCD6822_DB90_5C31_41E8_D76D0E29E1B1_0/b/0/2_0.jpg": {
  "size": 10833
 },
 "media/panorama_CA0D2937_DB90_5C1F_41C1_3A22D6FAEAF2_0/r/0/2_2.jpg": {
  "size": 8448
 },
 "media/panorama_D4F951E6_DBB0_4C31_41C3_F5A2780BAC65_0/l/0/2_1.jpg": {
  "size": 7773
 },
 "media/panorama_CA0D2937_DB90_5C1F_41C1_3A22D6FAEAF2_t.jpg": {
  "size": 19289
 },
 "media/panorama_D4373514_DBB0_5411_41E3_3F811A9931A3_0/u/0/1_0.jpg": {
  "size": 11228
 },
 "media/panorama_CA0D2937_DB90_5C1F_41C1_3A22D6FAEAF2_0/l/1/1_0.jpg": {
  "size": 8164
 },
 "media/panorama_D4F951E6_DBB0_4C31_41C3_F5A2780BAC65_0/f/1/0_1.jpg": {
  "size": 5794
 },
 "media/panorama_D4F951E6_DBB0_4C31_41C3_F5A2780BAC65_0/f/0/1_1.jpg": {
  "size": 7015
 },
 "media/panorama_CA423771_DBB7_F413_41C3_0D355D63A920_0/r/0/2_2.jpg": {
  "size": 3034
 },
 "media/panorama_CBFBDDCD_DB91_D473_41BC_ACAA1C31DBB5_0/f/0/0_2.jpg": {
  "size": 5896
 },
 "media/panorama_D4F951E6_DBB0_4C31_41C3_F5A2780BAC65_0/u/0/2_0.jpg": {
  "size": 3277
 },
 "media/panorama_CA423771_DBB7_F413_41C3_0D355D63A920_0/f/2/0_0.jpg": {
  "size": 15083
 },
 "media/panorama_CA423771_DBB7_F413_41C3_0D355D63A920_0_HS_1_00000.png": {
  "size": 10538
 },
 "media/panorama_CB758832_DBB0_7C11_41E1_D49EC19CD9F2_0/f/1/0_0.jpg": {
  "size": 4297
 },
 "media/panorama_C9F9CB78_DB90_FC11_41E9_6E303CA66A0D_0/r/0/2_1.jpg": {
  "size": 8187
 },
 "media/panorama_CBFBDDCD_DB91_D473_41BC_ACAA1C31DBB5_1_HS_9_0.png": {
  "size": 711531
 },
 "media/panorama_D4F951E6_DBB0_4C31_41C3_F5A2780BAC65_0/r/0/2_2.jpg": {
  "size": 6050
 },
 "lib/tdvplayer.js": {
  "size": 1686663
 },
 "media/panorama_CA423771_DBB7_F413_41C3_0D355D63A920_0/r/0/0_0.jpg": {
  "size": 5346
 },
 "media/panorama_CB758832_DBB0_7C11_41E1_D49EC19CD9F2_0/b/1/1_1.jpg": {
  "size": 16247
 },
 "media/panorama_CBCD6822_DB90_5C31_41E8_D76D0E29E1B1_0/f/0/1_1.jpg": {
  "size": 6942
 },
 "media/panorama_D4A11BCC_DBB0_FC71_41D0_94884094A022_0/u/0/0_2.jpg": {
  "size": 5123
 },
 "media/panorama_CA0D2937_DB90_5C1F_41C1_3A22D6FAEAF2_0/l/0/0_0.jpg": {
  "size": 14418
 },
 "lib/cursors/FNW.cur": {
  "size": 4526
 },
 "media/panorama_D4A11BCC_DBB0_FC71_41D0_94884094A022_0/r/0/1_1.jpg": {
  "size": 24615
 },
 "media/panorama_D4373514_DBB0_5411_41E3_3F811A9931A3_0/l/0/0_2.jpg": {
  "size": 5512
 },
 "media/panorama_CBFBDDCD_DB91_D473_41BC_ACAA1C31DBB5_0/b/1/0_0.jpg": {
  "size": 10432
 },
 "media/panorama_CB758832_DBB0_7C11_41E1_D49EC19CD9F2_0/r/0/0_1.jpg": {
  "size": 5580
 },
 "media/panorama_CA423771_DBB7_F413_41C3_0D355D63A920_0/r/1/0_0.jpg": {
  "size": 6290
 },
 "media/panorama_CBCD6822_DB90_5C31_41E8_D76D0E29E1B1_0/l/0/0_1.jpg": {
  "size": 18542
 },
 "media/panorama_CBFBDDCD_DB91_D473_41BC_ACAA1C31DBB5_t.jpg": {
  "size": 19283
 },
 "media/panorama_D4373514_DBB0_5411_41E3_3F811A9931A3_0/l/0/1_1.jpg": {
  "size": 7808
 },
 "media/panorama_CBCD6822_DB90_5C31_41E8_D76D0E29E1B1_0/u/0/2_1.jpg": {
  "size": 5558
 },
 "media/panorama_CA0D2937_DB90_5C1F_41C1_3A22D6FAEAF2_0/u/1/1_1.jpg": {
  "size": 7712
 },
 "media/panorama_CBCD6822_DB90_5C31_41E8_D76D0E29E1B1_0/u/0/0_0.jpg": {
  "size": 9245
 },
 "media/panorama_CB758832_DBB0_7C11_41E1_D49EC19CD9F2_0/b/0/2_2.jpg": {
  "size": 11925
 },
 "media/panorama_CA0D2937_DB90_5C1F_41C1_3A22D6FAEAF2_0/u/1/0_0.jpg": {
  "size": 9645
 },
 "media/panorama_CA423771_DBB7_F413_41C3_0D355D63A920_0/u/0/0_2.jpg": {
  "size": 5470
 },
 "media/panorama_D4A11BCC_DBB0_FC71_41D0_94884094A022_0/u/1/0_0.jpg": {
  "size": 6225
 },
 "media/panorama_D4373514_DBB0_5411_41E3_3F811A9931A3_0/f/0/1_1.jpg": {
  "size": 5465
 },
 "media/panorama_CBFBDDCD_DB91_D473_41BC_ACAA1C31DBB5_0/d/0/2_0.jpg": {
  "size": 10893
 },
 "media/map_EC81520A_E266_EAB5_41E5_A93A73CA8842_HS_12.png": {
  "size": 1584
 },
 "media/panorama_CBCD6822_DB90_5C31_41E8_D76D0E29E1B1_0/r/0/1_1.jpg": {
  "size": 9161
 },
 "scorm.js": {
  "size": 1949
 },
 "media/panorama_CBFBDDCD_DB91_D473_41BC_ACAA1C31DBB5_0/f/1/0_0.jpg": {
  "size": 12481
 },
 "media/panorama_D4F951E6_DBB0_4C31_41C3_F5A2780BAC65_0/d/2/0_0.jpg": {
  "size": 22234
 },
 "media/panorama_C9F9CB78_DB90_FC11_41E9_6E303CA66A0D_0/d/0/2_2.jpg": {
  "size": 5412
 },
 "skin/IconButton_EB0C8DDE_E4D2_F117_41D3_B9E6A5071D2C_rollover.png": {
  "size": 4648
 },
 "media/panorama_C9F9CB78_DB90_FC11_41E9_6E303CA66A0D_0/d/1/0_1.jpg": {
  "size": 12613
 },
 "media/panorama_CBFBDDCD_DB91_D473_41BC_ACAA1C31DBB5_0/r/0/0_1.jpg": {
  "size": 10219
 },
 "media/panorama_D4F951E6_DBB0_4C31_41C3_F5A2780BAC65_0/f/0/2_2.jpg": {
  "size": 12802
 },
 "media/panorama_D4F951E6_DBB0_4C31_41C3_F5A2780BAC65_0/l/0/1_0.jpg": {
  "size": 11529
 },
 "media/panorama_D4A11BCC_DBB0_FC71_41D0_94884094A022_0/f/1/1_1.jpg": {
  "size": 13293
 },
 "media/panorama_CB758832_DBB0_7C11_41E1_D49EC19CD9F2_0/d/0/0_0.jpg": {
  "size": 5377
 },
 "media/panorama_CB758832_DBB0_7C11_41E1_D49EC19CD9F2_0/b/0/0_0.jpg": {
  "size": 11458
 },
 "media/map_EC81520A_E266_EAB5_41E5_A93A73CA8842_HS_11_map.gif": {
  "size": 81
 },
 "media/panorama_CBFBDDCD_DB91_D473_41BC_ACAA1C31DBB5_0/l/0/0_0.jpg": {
  "size": 9617
 },
 "media/panorama_CA0D2937_DB90_5C1F_41C1_3A22D6FAEAF2_0/f/0/1_2.jpg": {
  "size": 12855
 },
 "media/panorama_D4F951E6_DBB0_4C31_41C3_F5A2780BAC65_0/f/1/0_0.jpg": {
  "size": 8623
 },
 "media/panorama_CB758832_DBB0_7C11_41E1_D49EC19CD9F2_0/u/0/0_1.jpg": {
  "size": 9080
 },
 "lib/cursors/N.cur": {
  "size": 3542
 },
 "media/panorama_CA423771_DBB7_F413_41C3_0D355D63A920_0/u/1/1_1.jpg": {
  "size": 7704
 },
 "media/panorama_D4373514_DBB0_5411_41E3_3F811A9931A3_0/d/0/2_0.jpg": {
  "size": 17134
 },
 "media/panorama_CB758832_DBB0_7C11_41E1_D49EC19CD9F2_0/d/0/1_1.jpg": {
  "size": 6577
 },
 "media/panorama_CBCD6822_DB90_5C31_41E8_D76D0E29E1B1_0/r/2/0_0.jpg": {
  "size": 18160
 },
 "media/panorama_D4A11BCC_DBB0_FC71_41D0_94884094A022_0/l/0/0_1.jpg": {
  "size": 6510
 },
 "media/panorama_CBCD6822_DB90_5C31_41E8_D76D0E29E1B1_0/d/1/1_1.jpg": {
  "size": 15234
 },
 "media/panorama_D4373514_DBB0_5411_41E3_3F811A9931A3_0/l/1/1_1.jpg": {
  "size": 6791
 },
 "media/panorama_D4373514_DBB0_5411_41E3_3F811A9931A3_0/u/0/0_2.jpg": {
  "size": 6313
 },
 "media/panorama_CBFBDDCD_DB91_D473_41BC_ACAA1C31DBB5_0/u/0/1_1.jpg": {
  "size": 7871
 },
 "media/panorama_CA0D2937_DB90_5C1F_41C1_3A22D6FAEAF2_0/r/0/0_0.jpg": {
  "size": 4287
 },
 "media/panorama_D4373514_DBB0_5411_41E3_3F811A9931A3_0/b/0/1_0.jpg": {
  "size": 20047
 },
 "media/panorama_CBFBDDCD_DB91_D473_41BC_ACAA1C31DBB5_1_HS_8_0_0_map.gif": {
  "size": 861
 },
 "media/panorama_CA423771_DBB7_F413_41C3_0D355D63A920_0/f/0/0_0.jpg": {
  "size": 5476
 },
 "media/panorama_CA423771_DBB7_F413_41C3_0D355D63A920_0/r/0/1_0.jpg": {
  "size": 6441
 },
 "media/panorama_C9F9CB78_DB90_FC11_41E9_6E303CA66A0D_0/d/0/0_1.jpg": {
  "size": 9162
 },
 "media/panorama_D4373514_DBB0_5411_41E3_3F811A9931A3_0/l/0/0_1.jpg": {
  "size": 7333
 },
 "media/panorama_D4A11BCC_DBB0_FC71_41D0_94884094A022_0/u/0/2_0.jpg": {
  "size": 6048
 },
 "media/panorama_CB758832_DBB0_7C11_41E1_D49EC19CD9F2_0/l/0/1_0.jpg": {
  "size": 10598
 },
 "media/panorama_CB758832_DBB0_7C11_41E1_D49EC19CD9F2_0/d/0/0_2.jpg": {
  "size": 4045
 },
 "media/map_EC81520A_E266_EAB5_41E5_A93A73CA8842_HS_17_map.gif": {
  "size": 858
 },
 "media/panorama_D4A11BCC_DBB0_FC71_41D0_94884094A022_t.jpg": {
  "size": 18627
 },
 "media/panorama_D4373514_DBB0_5411_41E3_3F811A9931A3_0/l/0/2_0.jpg": {
  "size": 3556
 },
 "media/panorama_CB758832_DBB0_7C11_41E1_D49EC19CD9F2_0/r/2/0_0.jpg": {
  "size": 15794
 },
 "media/panorama_CB758832_DBB0_7C11_41E1_D49EC19CD9F2_0/b/1/1_0.jpg": {
  "size": 7064
 },
 "media/panorama_CBCD6822_DB90_5C31_41E8_D76D0E29E1B1_0/u/0/2_2.jpg": {
  "size": 6301
 },
 "media/panorama_D4A11BCC_DBB0_FC71_41D0_94884094A022_0/l/1/1_1.jpg": {
  "size": 10109
 },
 "media/panorama_CBFBDDCD_DB91_D473_41BC_ACAA1C31DBB5_0/u/0/2_2.jpg": {
  "size": 11904
 },
 "media/panorama_CA0D2937_DB90_5C1F_41C1_3A22D6FAEAF2_0/u/0/2_2.jpg": {
  "size": 5359
 },
 "media/panorama_D4373514_DBB0_5411_41E3_3F811A9931A3_0/u/1/0_1.jpg": {
  "size": 9233
 },
 "media/panorama_C9F9CB78_DB90_FC11_41E9_6E303CA66A0D_0/f/1/0_0.jpg": {
  "size": 8301
 },
 "media/panorama_D4F951E6_DBB0_4C31_41C3_F5A2780BAC65_0/l/0/1_2.jpg": {
  "size": 6992
 },
 "media/panorama_CA423771_DBB7_F413_41C3_0D355D63A920_0/d/0/2_0.jpg": {
  "size": 12355
 },
 "media/panorama_D4373514_DBB0_5411_41E3_3F811A9931A3_0/u/0/2_1.jpg": {
  "size": 8210
 },
 "media/panorama_C9F9CB78_DB90_FC11_41E9_6E303CA66A0D_0/u/0/0_1.jpg": {
  "size": 12116
 },
 "media/panorama_CB758832_DBB0_7C11_41E1_D49EC19CD9F2_0/f/0/1_1.jpg": {
  "size": 3682
 },
 "media/panorama_CA423771_DBB7_F413_41C3_0D355D63A920_0/r/0/0_1.jpg": {
  "size": 3983
 },
 "media/panorama_C9F9CB78_DB90_FC11_41E9_6E303CA66A0D_0_HS_0_1_0_map.gif": {
  "size": 490
 },
 "media/panorama_CA0D2937_DB90_5C1F_41C1_3A22D6FAEAF2_0/r/0/2_1.jpg": {
  "size": 10005
 },
 "media/panorama_D4F951E6_DBB0_4C31_41C3_F5A2780BAC65_0/d/1/1_0.jpg": {
  "size": 11464
 },
 "media/panorama_C9F9CB78_DB90_FC11_41E9_6E303CA66A0D_0/u/0/1_2.jpg": {
  "size": 6244
 },
 "media/panorama_C9F9CB78_DB90_FC11_41E9_6E303CA66A0D_0/u/1/1_1.jpg": {
  "size": 10329
 },
 "media/panorama_D4A11BCC_DBB0_FC71_41D0_94884094A022_0/f/0/0_2.jpg": {
  "size": 10548
 },
 "media/panorama_CBCD6822_DB90_5C31_41E8_D76D0E29E1B1_0/d/0/0_0.jpg": {
  "size": 17486
 },
 "media/panorama_CBCD6822_DB90_5C31_41E8_D76D0E29E1B1_0/f/1/0_1.jpg": {
  "size": 12767
 },
 "media/panorama_D4A11BCC_DBB0_FC71_41D0_94884094A022_0/d/0/1_2.jpg": {
  "size": 11484
 },
 "media/panorama_C9F9CB78_DB90_FC11_41E9_6E303CA66A0D_0/d/0/2_0.jpg": {
  "size": 8725
 },
 "media/panorama_D4A11BCC_DBB0_FC71_41D0_94884094A022_0/f/0/2_2.jpg": {
  "size": 12175
 }
}