<?xml version="1.0" ?>
<manifest identifier="com.scorm.manifesttemplates.scorm12" version="1"
          xmlns="http://www.imsproject.org/xsd/imscp_rootv1p1p2"
          xmlns:adlcp="http://www.adlnet.org/xsd/adlcp_rootv1p2"
          xmlns:xsi="http://www.w3.org/2001/XMLSchema-instance"
          xsi:schemaLocation="http://www.imsproject.org/xsd/imscp_rootv1p1p2 imscp_rootv1p1p2.xsd
                           http://www.imsglobal.org/xsd/imsmd_rootv1p2p1 imsmd_rootv1p2p1.xsd
                           http://www.adlnet.org/xsd/adlcp_rootv1p2 adlcp_rootv1p2.xsd">
    <metadata>
        <schema>ADL SCORM</schema>
        <schemaversion>1.2</schemaversion>
    </metadata>
    <organizations default="tdv">
        <organization identifier="tdv">
            <title>Untitled 2</title>
            <item identifier="i1" identifierref="r1" isvisible="true">
                <title>Untitled 2</title>
            </item>
        </organization>
    </organizations>
    <resources>
        <resource identifier="r1" type="webcontent" adlcp:scormtype="sco" href="index.htm">
<file href="media/panorama_CA423771_DBB7_F413_41C3_0D355D63A920_0_HS_1_4_5_map.gif"/>
<file href="media/panorama_D4F951E6_DBB0_4C31_41C3_F5A2780BAC65_1_HS_6_0.png"/>
<file href="skin/Button_F0FB6EC7_E4EE_5375_41E4_BF58E8BED9C0_pressed.png"/>
<file href="media/panorama_C9F9CB78_DB90_FC11_41E9_6E303CA66A0D_0_HS_0_1_0_map.gif"/>
<file href="media/map_EC81520A_E266_EAB5_41E5_A93A73CA8842_HS_14.png"/>
<file href="skin/IconButton_F0745506_E4F1_F6F6_41CD_D7A14257209E_rollover.png"/>
<file href="media/map_EC81520A_E266_EAB5_41E5_A93A73CA8842_HS_12_map.gif"/>
<file href="media/panorama_CA423771_DBB7_F413_41C3_0D355D63A920_0_HS_1_00005.png"/>
<file href="media/panorama_D4F951E6_DBB0_4C31_41C3_F5A2780BAC65_1_HS_3_0.png"/>
<file href="lib/cursors/E.cur"/>
<file href="media/video_C4B7A912_E557_DEEF_41C4_D63191847C70_t.jpg"/>
<file href="media/map_EC81520A_E266_EAB5_41E5_A93A73CA8842_HS_18_map.gif"/>
<file href="loading/HTMLImage_EA97A9CC_E4AE_D17A_41C7_E3B9D2758132.png"/>
<file href="lib/exit.png"/>
<file href="media/audio_E8A93F21_FA5F_B7A9_41E3_21477D074F27.ogg"/>
<file href="lib/preload.gif"/>
<file href="media/panorama_CA423771_DBB7_F413_41C3_0D355D63A920_0_HS_1_2_1_map.gif"/>
<file href="lib/cursors/grab.cur"/>
<file href="media/panorama_D4F951E6_DBB0_4C31_41C3_F5A2780BAC65_1_HS_7_0_0_map.gif"/>
<file href="media/panorama_D4F951E6_DBB0_4C31_41C3_F5A2780BAC65_0_HS_0_1_0_map.gif"/>
<file href="skin/Button_F0FB6EC7_E4EE_5375_41E4_BF58E8BED9C0.png"/>
<file href="media/panorama_CBFBDDCD_DB91_D473_41BC_ACAA1C31DBB5_0_HS_6_1_0_map.gif"/>
<file href="lib/cursors/FSW.cur"/>
<file href="media/map_EC81520A_E266_EAB5_41E5_A93A73CA8842_HS_14_map.gif"/>
<file href="media/panorama_D4F951E6_DBB0_4C31_41C3_F5A2780BAC65_0_HS_4_0.png"/>
<file href="media/panorama_D4373514_DBB0_5411_41E3_3F811A9931A3_1_HS_4_1_0_map.gif"/>
<file href="lib/cursors/SW.cur"/>
<file href="lib/cursors/N.cur"/>
<file href="media/panorama_D4A11BCC_DBB0_FC71_41D0_94884094A022_1_HS_5_0.png"/>
<file href="skin/Button_F0FB5EC7_E4EE_5375_41E8_5828D3AD5CEC.png"/>
<file href="media/panorama_D4A11BCC_DBB0_FC71_41D0_94884094A022_1_HS_8_0.png"/>
<file href="media/panorama_CBFBDDCD_DB91_D473_41BC_ACAA1C31DBB5_0_HS_2_0.png"/>
<file href="loading/HTMLImage_FFC2F8F8_E4D1_DF1A_41E7_F0346491E605.png"/>
<file href="media/panorama_CA0D2937_DB90_5C1F_41C1_3A22D6FAEAF2_0_HS_0_0.png"/>
<file href="lib/cursors/FSE.cur"/>
<file href="media/map_EC81520A_E266_EAB5_41E5_A93A73CA8842_HS_11.png"/>
<file href="loading/HTMLImage_EF8C752D_FA44_ABB9_41E1_50DC28B93BF5.png"/>
<file href="media/panorama_CA0D2937_DB90_5C1F_41C1_3A22D6FAEAF2_0_HS_0_1_0_map.gif"/>
<file href="media/map_EC81520A_E266_EAB5_41E5_A93A73CA8842_HS_13_map.gif"/>
<file href="media/panorama_D4A11BCC_DBB0_FC71_41D0_94884094A022_1_HS_6_0.png"/>
<file href="media/overlay_C4F05C39_E557_D71A_41EA_040FE899353C_t.jpg"/>
<file href="media/panorama_CBFBDDCD_DB91_D473_41BC_ACAA1C31DBB5_1_HS_8_0.png"/>
<file href="lib/cursors/S.cur"/>
<file href="media/video_F07A4F69_E00D_43DD_41E7_FF7000D69CFB_t.jpg"/>
<file href="media/map_EC81520A_E266_EAB5_41E5_A93A73CA8842_HS_16_map.gif"/>
<file href="lib/tdvplayer.json"/>
<file href="skin/IconButton_F0745506_E4F1_F6F6_41CD_D7A14257209E.png"/>
<file href="media/audio_E8A93F21_FA5F_B7A9_41E3_21477D074F27.mp3"/>
<file href="media/panorama_CBFBDDCD_DB91_D473_41BC_ACAA1C31DBB5_1_HS_9_0_0_map.gif"/>
<file href="index.htm"/>
<file href="lib/Hls.js"/>
<file href="media/panorama_CBFBDDCD_DB91_D473_41BC_ACAA1C31DBB5_0_HS_3_1_0_map.gif"/>
<file href="lib/cursors/NE.cur"/>
<file href="media/video_F07A4F69_E00D_43DD_41E7_FF7000D69CFB.mp4"/>
<file href="media/panorama_CBCD6822_DB90_5C31_41E8_D76D0E29E1B1_0_HS_0_1_0_map.gif"/>
<file href="media/panorama_CBFBDDCD_DB91_D473_41BC_ACAA1C31DBB5_0_HS_3_0.png"/>
<file href="media/panorama_CB758832_DBB0_7C11_41E1_D49EC19CD9F2_t.jpg"/>
<file href="media/panorama_D4F951E6_DBB0_4C31_41C3_F5A2780BAC65_0_HS_5_1_0_map.gif"/>
<file href="media/panorama_CB758832_DBB0_7C11_41E1_D49EC19CD9F2_1_HS_1_0_0_map.gif"/>
<file href="media/panorama_D4F951E6_DBB0_4C31_41C3_F5A2780BAC65_1_HS_7_0.png"/>
<file href="media/map_EC81520A_E266_EAB5_41E5_A93A73CA8842_HS_15_map.gif"/>
<file href="media/map_EC81520A_E266_EAB5_41E5_A93A73CA8842_HS_16.png"/>
<file href="skin/IconButton_C02767A0_E5BE_712A_41CC_81C3F92FFCE5.png"/>
<file href="media/panorama_C9F9CB78_DB90_FC11_41E9_6E303CA66A0D_0_HS_0_0.png"/>
<file href="media/map_EC81520A_E266_EAB5_41E5_A93A73CA8842_HS_10_map.gif"/>
<file href="scorm.js"/>
<file href="lib/cursors/NW.cur"/>
<file href="media/panorama_D4A11BCC_DBB0_FC71_41D0_94884094A022_1_HS_2_1_0_map.gif"/>
<file href="media/panorama_D4A11BCC_DBB0_FC71_41D0_94884094A022_1_HS_7_0_0_map.gif"/>
<file href="media/map_EC81520A_E266_EAB5_41E5_A93A73CA8842_HS_10.png"/>
<file href="media/panorama_D4373514_DBB0_5411_41E3_3F811A9931A3_1_HS_4_0.png"/>
<file href="media/panorama_CBFBDDCD_DB91_D473_41BC_ACAA1C31DBB5_0_HS_6_0.png"/>
<file href="lib/cursors/W.cur"/>
<file href="lib/cursors/FE.cur"/>
<file href="lib/cursors/FNE.cur"/>
<file href="media/panorama_D4373514_DBB0_5411_41E3_3F811A9931A3_t.jpg"/>
<file href="skin/Button_F0FB4EC7_E4EE_5375_41CF_622F4DD6CA59_pressed.png"/>
<file href="lib/cursors/FN.cur"/>
<file href="media/panorama_CA423771_DBB7_F413_41C3_0D355D63A920_1_HS_2_0.png"/>
<file href="media/panorama_D4F951E6_DBB0_4C31_41C3_F5A2780BAC65_t.jpg"/>
<file href="loading/HTMLImage_E946F9ED_E4D2_313A_41D9_6A40F2B5800C.jpg"/>
<file href="skin/Button_F0FA9EC7_E4EE_5375_41BE_F26B3FC7C264_pressed.png"/>
<file href="media/panorama_CA423771_DBB7_F413_41C3_0D355D63A920_0_HS_1_00000.png"/>
<file href="media/panorama_CA0D2937_DB90_5C1F_41C1_3A22D6FAEAF2_t.jpg"/>
<file href="media/panorama_D4F951E6_DBB0_4C31_41C3_F5A2780BAC65_1_HS_10_0_0_map.gif"/>
<file href="media/panorama_CA423771_DBB7_F413_41C3_0D355D63A920_0_HS_1_00004.png"/>
<file href="media/panorama_CBCD6822_DB90_5C31_41E8_D76D0E29E1B1_0_HS_0_0.png"/>
<file href="media/panorama_CBFBDDCD_DB91_D473_41BC_ACAA1C31DBB5_1_HS_9_0.png"/>
<file href="media/panorama_CB758832_DBB0_7C11_41E1_D49EC19CD9F2_1_HS_2_0_0_map.gif"/>
<file href="skin/IconButton_F953B66C_E4B3_F33A_41E4_417B1EFF1228.png"/>
<file href="skin/IconButton_EB0C8DDE_E4D2_F117_41D3_B9E6A5071D2C.png"/>
<file href="media/panorama_CBFBDDCD_DB91_D473_41BC_ACAA1C31DBB5_0_HS_4_1_0_map.gif"/>
<file href="lib/tdvplayer.js"/>
<file href="media/overlay_F0A3B908_E00E_CF5C_41BE_951744098ED8_t.jpg"/>
<file href="skin/Button_F0FABEC7_E4EE_5375_41DD_B033D3902DC3_pressed.png"/>
<file href="skin/Button_F0FB4EC7_E4EE_5375_41CF_622F4DD6CA59.png"/>
<file href="media/panorama_CB758832_DBB0_7C11_41E1_D49EC19CD9F2_1_HS_1_0.png"/>
<file href="media/map_EC81520A_E266_EAB5_41E5_A93A73CA8842_t.png"/>
<file href="media/panorama_CA423771_DBB7_F413_41C3_0D355D63A920_0_HS_1_1_0_map.gif"/>
<file href="media/panorama_D4373514_DBB0_5411_41E3_3F811A9931A3_1_HS_3_0_0_map.gif"/>
<file href="media/map_EC81520A_E266_EAB5_41E5_A93A73CA8842_lq.png"/>
<file href="media/panorama_D4373514_DBB0_5411_41E3_3F811A9931A3_1_HS_5_0_0_map.gif"/>
<file href="lib/cursors/FNW.cur"/>
<file href="media/panorama_CBFBDDCD_DB91_D473_41BC_ACAA1C31DBB5_t.jpg"/>
<file href="media/panorama_CB758832_DBB0_7C11_41E1_D49EC19CD9F2_1_HS_2_0.png"/>
<file href="media/panorama_D4A11BCC_DBB0_FC71_41D0_94884094A022_1_HS_2_0.png"/>
<file href="skin/Button_F0FA9EC7_E4EE_5375_41BE_F26B3FC7C264.png"/>
<file href="media/panorama_D4A11BCC_DBB0_FC71_41D0_94884094A022_1_HS_7_0.png"/>
<file href="media/panorama_CBFBDDCD_DB91_D473_41BC_ACAA1C31DBB5_1_HS_7_0_0_map.gif"/>
<file href="media/panorama_D4F951E6_DBB0_4C31_41C3_F5A2780BAC65_0_HS_0_0.png"/>
<file href="media/panorama_CA423771_DBB7_F413_41C3_0D355D63A920_t.jpg"/>
<file href="skin/IconButton_C02767A0_E5BE_712A_41CC_81C3F92FFCE5_rollover.png"/>
<file href="media/panorama_D4F951E6_DBB0_4C31_41C3_F5A2780BAC65_0_HS_5_0.png"/>
<file href="media/map_EC81520A_E266_EAB5_41E5_A93A73CA8842.png"/>
<file href="media/panorama_CA423771_DBB7_F413_41C3_0D355D63A920_0_HS_1_3_4_map.gif"/>
<file href="lib/cursors/grabbing.cur"/>
<file href="media/map_EC81520A_E266_EAB5_41E5_A93A73CA8842_HS_11_map.gif"/>
<file href="lib/WebVRPolyfill.js"/>
<file href="media/map_EC81520A_E266_EAB5_41E5_A93A73CA8842_HS_17.png"/>
<file href="media/map_EC81520A_E266_EAB5_41E5_A93A73CA8842_HS_15.png"/>
<file href="media/map_EC81520A_E266_EAB5_41E5_A93A73CA8842_HS_18.png"/>
<file href="script.js"/>
<file href="skin/IconButton_F953B66C_E4B3_F33A_41E4_417B1EFF1228_rollover.png"/>
<file href="skin/Button_F0FABEC7_E4EE_5375_41DD_B033D3902DC3.png"/>
<file href="media/panorama_D4F951E6_DBB0_4C31_41C3_F5A2780BAC65_1_HS_6_0_0_map.gif"/>
<file href="media/panorama_CBFBDDCD_DB91_D473_41BC_ACAA1C31DBB5_1_HS_8_0_0_map.gif"/>
<file href="media/map_EC81520A_E266_EAB5_41E5_A93A73CA8842_HS_12.png"/>
<file href="media/video_C4B7A912_E557_DEEF_41C4_D63191847C70.mp4"/>
<file href="media/panorama_CA423771_DBB7_F413_41C3_0D355D63A920_0_HS_1_00001.png"/>
<file href="skin/Button_F0FB5EC7_E4EE_5375_41E8_5828D3AD5CEC_pressed.png"/>
<file href="media/panorama_CBFBDDCD_DB91_D473_41BC_ACAA1C31DBB5_0_HS_2_1_0_map.gif"/>
<file href="lib/cursors/SE.cur"/>
<file href="lib/cursors/FW.cur"/>
<file href="media/panorama_D4F951E6_DBB0_4C31_41C3_F5A2780BAC65_0_HS_4_1_0_map.gif"/>
<file href="lib/cursors/FS.cur"/>
<file href="media/panorama_CBFBDDCD_DB91_D473_41BC_ACAA1C31DBB5_1_HS_7_0.png"/>
<file href="media/panorama_D4A11BCC_DBB0_FC71_41D0_94884094A022_t.jpg"/>
<file href="skin/IconButton_EB0C8DDE_E4D2_F117_41D3_B9E6A5071D2C_rollover.png"/>
<file href="media/map_EC81520A_E266_EAB5_41E5_A93A73CA8842_HS_17_map.gif"/>
<file href="media/panorama_D4F951E6_DBB0_4C31_41C3_F5A2780BAC65_1_HS_10_0.png"/>
<file href="media/panorama_CBFBDDCD_DB91_D473_41BC_ACAA1C31DBB5_0_HS_4_0.png"/>
<file href="media/panorama_D4F951E6_DBB0_4C31_41C3_F5A2780BAC65_1_HS_3_0_0_map.gif"/>
<file href="media/panorama_CA423771_DBB7_F413_41C3_0D355D63A920_1_HS_2_0_0_map.gif"/>
<file href="media/panorama_D4373514_DBB0_5411_41E3_3F811A9931A3_1_HS_3_0.png"/>
<file href="media/map_EC81520A_E266_EAB5_41E5_A93A73CA8842_HS_13.png"/>
<file href="media/panorama_D4373514_DBB0_5411_41E3_3F811A9931A3_1_HS_5_0.png"/>
<file href="media/panorama_D4A11BCC_DBB0_FC71_41D0_94884094A022_1_HS_8_1_0_map.gif"/>
<file href="media/panorama_C9F9CB78_DB90_FC11_41E9_6E303CA66A0D_t.jpg"/>
<file href="media/panorama_D4A11BCC_DBB0_FC71_41D0_94884094A022_1_HS_5_0_0_map.gif"/>
<file href="media/panorama_D4A11BCC_DBB0_FC71_41D0_94884094A022_1_HS_6_0_0_map.gif"/>
<file href="media/panorama_CBCD6822_DB90_5C31_41E8_D76D0E29E1B1_t.jpg"/>
<file href="lib/cursors/FNW.cur"/>
<file href="lib/cursors/FE.cur"/>
<file href="lib/cursors/NE.cur"/>
<file href="lib/cursors/FS.cur"/>
<file href="lib/cursors/SW.cur"/>
<file href="lib/cursors/SE.cur"/>
<file href="lib/tdvplayer.js"/>
<file href="lib/cursors/N.cur"/>
<file href="lib/cursors/FSW.cur"/>
<file href="lib/cursors/NW.cur"/>
<file href="lib/cursors/grab.cur"/>
<file href="lib/cursors/E.cur"/>
<file href="lib/cursors/S.cur"/>
<file href="lib/WebVRPolyfill.js"/>
<file href="lib/cursors/FN.cur"/>
<file href="lib/cursors/FW.cur"/>
<file href="lib/exit.png"/>
<file href="lib/cursors/FNE.cur"/>
<file href="lib/cursors/FSE.cur"/>
<file href="lib/Hls.js"/>
<file href="lib/cursors/W.cur"/>
<file href="lib/cursors/grabbing.cur"/>
<file href="lib/tdvplayer.json"/>
<file href="lib/preload.gif"/>
<file href="media/panorama_D4373514_DBB0_5411_41E3_3F811A9931A3_0/l/2/0_0.jpg"/>
<file href="media/panorama_CBCD6822_DB90_5C31_41E8_D76D0E29E1B1_0/r/2/0_0.jpg"/>
<file href="media/panorama_CA423771_DBB7_F413_41C3_0D355D63A920_0/u/2/0_0.jpg"/>
<file href="media/panorama_CA0D2937_DB90_5C1F_41C1_3A22D6FAEAF2_0/u/1/0_0.jpg"/>
<file href="media/panorama_CA0D2937_DB90_5C1F_41C1_3A22D6FAEAF2_0/u/1/0_1.jpg"/>
<file href="media/panorama_CA0D2937_DB90_5C1F_41C1_3A22D6FAEAF2_0/u/1/1_0.jpg"/>
<file href="media/panorama_CA0D2937_DB90_5C1F_41C1_3A22D6FAEAF2_0/u/1/1_1.jpg"/>
<file href="media/panorama_CA423771_DBB7_F413_41C3_0D355D63A920_0/u/0/0_0.jpg"/>
<file href="media/panorama_CA423771_DBB7_F413_41C3_0D355D63A920_0/u/0/0_1.jpg"/>
<file href="media/panorama_CA423771_DBB7_F413_41C3_0D355D63A920_0/u/0/0_2.jpg"/>
<file href="media/panorama_CA423771_DBB7_F413_41C3_0D355D63A920_0/u/0/1_0.jpg"/>
<file href="media/panorama_CA423771_DBB7_F413_41C3_0D355D63A920_0/u/0/1_1.jpg"/>
<file href="media/panorama_CA423771_DBB7_F413_41C3_0D355D63A920_0/u/0/1_2.jpg"/>
<file href="media/panorama_CA423771_DBB7_F413_41C3_0D355D63A920_0/u/0/2_0.jpg"/>
<file href="media/panorama_CA423771_DBB7_F413_41C3_0D355D63A920_0/u/0/2_1.jpg"/>
<file href="media/panorama_CA423771_DBB7_F413_41C3_0D355D63A920_0/u/0/2_2.jpg"/>
<file href="media/panorama_D4F951E6_DBB0_4C31_41C3_F5A2780BAC65_0/d/2/0_0.jpg"/>
<file href="media/panorama_CA0D2937_DB90_5C1F_41C1_3A22D6FAEAF2_0/d/0/0_0.jpg"/>
<file href="media/panorama_CA0D2937_DB90_5C1F_41C1_3A22D6FAEAF2_0/d/0/0_1.jpg"/>
<file href="media/panorama_CA0D2937_DB90_5C1F_41C1_3A22D6FAEAF2_0/d/0/0_2.jpg"/>
<file href="media/panorama_CA0D2937_DB90_5C1F_41C1_3A22D6FAEAF2_0/d/0/1_0.jpg"/>
<file href="media/panorama_CA0D2937_DB90_5C1F_41C1_3A22D6FAEAF2_0/d/0/1_1.jpg"/>
<file href="media/panorama_CA0D2937_DB90_5C1F_41C1_3A22D6FAEAF2_0/d/0/1_2.jpg"/>
<file href="media/panorama_CA0D2937_DB90_5C1F_41C1_3A22D6FAEAF2_0/d/0/2_0.jpg"/>
<file href="media/panorama_CA0D2937_DB90_5C1F_41C1_3A22D6FAEAF2_0/d/0/2_1.jpg"/>
<file href="media/panorama_CA0D2937_DB90_5C1F_41C1_3A22D6FAEAF2_0/d/0/2_2.jpg"/>
<file href="media/panorama_D4A11BCC_DBB0_FC71_41D0_94884094A022_0/r/2/0_0.jpg"/>
<file href="media/panorama_CA0D2937_DB90_5C1F_41C1_3A22D6FAEAF2_0/b/2/0_0.jpg"/>
<file href="media/panorama_CB758832_DBB0_7C11_41E1_D49EC19CD9F2_0/r/2/0_0.jpg"/>
<file href="media/panorama_C9F9CB78_DB90_FC11_41E9_6E303CA66A0D_0/r/1/0_0.jpg"/>
<file href="media/panorama_C9F9CB78_DB90_FC11_41E9_6E303CA66A0D_0/r/1/0_1.jpg"/>
<file href="media/panorama_C9F9CB78_DB90_FC11_41E9_6E303CA66A0D_0/r/1/1_0.jpg"/>
<file href="media/panorama_C9F9CB78_DB90_FC11_41E9_6E303CA66A0D_0/r/1/1_1.jpg"/>
<file href="media/panorama_CA0D2937_DB90_5C1F_41C1_3A22D6FAEAF2_0/r/2/0_0.jpg"/>
<file href="media/panorama_CB758832_DBB0_7C11_41E1_D49EC19CD9F2_0/u/2/0_0.jpg"/>
<file href="media/panorama_CB758832_DBB0_7C11_41E1_D49EC19CD9F2_0/r/0/0_0.jpg"/>
<file href="media/panorama_CB758832_DBB0_7C11_41E1_D49EC19CD9F2_0/r/0/0_1.jpg"/>
<file href="media/panorama_CB758832_DBB0_7C11_41E1_D49EC19CD9F2_0/r/0/0_2.jpg"/>
<file href="media/panorama_CB758832_DBB0_7C11_41E1_D49EC19CD9F2_0/r/0/1_0.jpg"/>
<file href="media/panorama_CB758832_DBB0_7C11_41E1_D49EC19CD9F2_0/r/0/1_1.jpg"/>
<file href="media/panorama_CB758832_DBB0_7C11_41E1_D49EC19CD9F2_0/r/0/1_2.jpg"/>
<file href="media/panorama_CB758832_DBB0_7C11_41E1_D49EC19CD9F2_0/r/0/2_0.jpg"/>
<file href="media/panorama_CB758832_DBB0_7C11_41E1_D49EC19CD9F2_0/r/0/2_1.jpg"/>
<file href="media/panorama_CB758832_DBB0_7C11_41E1_D49EC19CD9F2_0/r/0/2_2.jpg"/>
<file href="media/panorama_CA0D2937_DB90_5C1F_41C1_3A22D6FAEAF2_0/d/1/0_0.jpg"/>
<file href="media/panorama_CA0D2937_DB90_5C1F_41C1_3A22D6FAEAF2_0/d/1/0_1.jpg"/>
<file href="media/panorama_CA0D2937_DB90_5C1F_41C1_3A22D6FAEAF2_0/d/1/1_0.jpg"/>
<file href="media/panorama_CA0D2937_DB90_5C1F_41C1_3A22D6FAEAF2_0/d/1/1_1.jpg"/>
<file href="media/panorama_CB758832_DBB0_7C11_41E1_D49EC19CD9F2_0/f/0/0_0.jpg"/>
<file href="media/panorama_CB758832_DBB0_7C11_41E1_D49EC19CD9F2_0/f/0/0_1.jpg"/>
<file href="media/panorama_CB758832_DBB0_7C11_41E1_D49EC19CD9F2_0/f/0/0_2.jpg"/>
<file href="media/panorama_CB758832_DBB0_7C11_41E1_D49EC19CD9F2_0/f/0/1_0.jpg"/>
<file href="media/panorama_CB758832_DBB0_7C11_41E1_D49EC19CD9F2_0/f/0/1_1.jpg"/>
<file href="media/panorama_CB758832_DBB0_7C11_41E1_D49EC19CD9F2_0/f/0/1_2.jpg"/>
<file href="media/panorama_CB758832_DBB0_7C11_41E1_D49EC19CD9F2_0/f/0/2_0.jpg"/>
<file href="media/panorama_CB758832_DBB0_7C11_41E1_D49EC19CD9F2_0/f/0/2_1.jpg"/>
<file href="media/panorama_CB758832_DBB0_7C11_41E1_D49EC19CD9F2_0/f/0/2_2.jpg"/>
<file href="media/panorama_CB758832_DBB0_7C11_41E1_D49EC19CD9F2_0/d/2/0_0.jpg"/>
<file href="media/panorama_D4373514_DBB0_5411_41E3_3F811A9931A3_0/r/1/0_0.jpg"/>
<file href="media/panorama_D4373514_DBB0_5411_41E3_3F811A9931A3_0/r/1/0_1.jpg"/>
<file href="media/panorama_D4373514_DBB0_5411_41E3_3F811A9931A3_0/r/1/1_0.jpg"/>
<file href="media/panorama_D4373514_DBB0_5411_41E3_3F811A9931A3_0/r/1/1_1.jpg"/>
<file href="media/panorama_C9F9CB78_DB90_FC11_41E9_6E303CA66A0D_0/d/1/0_0.jpg"/>
<file href="media/panorama_C9F9CB78_DB90_FC11_41E9_6E303CA66A0D_0/d/1/0_1.jpg"/>
<file href="media/panorama_C9F9CB78_DB90_FC11_41E9_6E303CA66A0D_0/d/1/1_0.jpg"/>
<file href="media/panorama_C9F9CB78_DB90_FC11_41E9_6E303CA66A0D_0/d/1/1_1.jpg"/>
<file href="media/panorama_D4A11BCC_DBB0_FC71_41D0_94884094A022_0/d/2/0_0.jpg"/>
<file href="media/panorama_D4373514_DBB0_5411_41E3_3F811A9931A3_0/d/1/0_0.jpg"/>
<file href="media/panorama_D4373514_DBB0_5411_41E3_3F811A9931A3_0/d/1/0_1.jpg"/>
<file href="media/panorama_D4373514_DBB0_5411_41E3_3F811A9931A3_0/d/1/1_0.jpg"/>
<file href="media/panorama_D4373514_DBB0_5411_41E3_3F811A9931A3_0/d/1/1_1.jpg"/>
<file href="media/panorama_CBFBDDCD_DB91_D473_41BC_ACAA1C31DBB5_0/r/1/0_0.jpg"/>
<file href="media/panorama_CBFBDDCD_DB91_D473_41BC_ACAA1C31DBB5_0/r/1/0_1.jpg"/>
<file href="media/panorama_CBFBDDCD_DB91_D473_41BC_ACAA1C31DBB5_0/r/1/1_0.jpg"/>
<file href="media/panorama_CBFBDDCD_DB91_D473_41BC_ACAA1C31DBB5_0/r/1/1_1.jpg"/>
<file href="media/panorama_CA0D2937_DB90_5C1F_41C1_3A22D6FAEAF2_0/u/0/0_0.jpg"/>
<file href="media/panorama_CA0D2937_DB90_5C1F_41C1_3A22D6FAEAF2_0/u/0/0_1.jpg"/>
<file href="media/panorama_CA0D2937_DB90_5C1F_41C1_3A22D6FAEAF2_0/u/0/0_2.jpg"/>
<file href="media/panorama_CA0D2937_DB90_5C1F_41C1_3A22D6FAEAF2_0/u/0/1_0.jpg"/>
<file href="media/panorama_CA0D2937_DB90_5C1F_41C1_3A22D6FAEAF2_0/u/0/1_1.jpg"/>
<file href="media/panorama_CA0D2937_DB90_5C1F_41C1_3A22D6FAEAF2_0/u/0/1_2.jpg"/>
<file href="media/panorama_CA0D2937_DB90_5C1F_41C1_3A22D6FAEAF2_0/u/0/2_0.jpg"/>
<file href="media/panorama_CA0D2937_DB90_5C1F_41C1_3A22D6FAEAF2_0/u/0/2_1.jpg"/>
<file href="media/panorama_CA0D2937_DB90_5C1F_41C1_3A22D6FAEAF2_0/u/0/2_2.jpg"/>
<file href="media/panorama_D4373514_DBB0_5411_41E3_3F811A9931A3_0/b/2/0_0.jpg"/>
<file href="media/panorama_C9F9CB78_DB90_FC11_41E9_6E303CA66A0D_0/b/1/0_0.jpg"/>
<file href="media/panorama_C9F9CB78_DB90_FC11_41E9_6E303CA66A0D_0/b/1/0_1.jpg"/>
<file href="media/panorama_C9F9CB78_DB90_FC11_41E9_6E303CA66A0D_0/b/1/1_0.jpg"/>
<file href="media/panorama_C9F9CB78_DB90_FC11_41E9_6E303CA66A0D_0/b/1/1_1.jpg"/>
<file href="media/panorama_CBFBDDCD_DB91_D473_41BC_ACAA1C31DBB5_0/r/0/0_0.jpg"/>
<file href="media/panorama_CBFBDDCD_DB91_D473_41BC_ACAA1C31DBB5_0/r/0/0_1.jpg"/>
<file href="media/panorama_CBFBDDCD_DB91_D473_41BC_ACAA1C31DBB5_0/r/0/0_2.jpg"/>
<file href="media/panorama_CBFBDDCD_DB91_D473_41BC_ACAA1C31DBB5_0/r/0/1_0.jpg"/>
<file href="media/panorama_CBFBDDCD_DB91_D473_41BC_ACAA1C31DBB5_0/r/0/1_1.jpg"/>
<file href="media/panorama_CBFBDDCD_DB91_D473_41BC_ACAA1C31DBB5_0/r/0/1_2.jpg"/>
<file href="media/panorama_CBFBDDCD_DB91_D473_41BC_ACAA1C31DBB5_0/r/0/2_0.jpg"/>
<file href="media/panorama_CBFBDDCD_DB91_D473_41BC_ACAA1C31DBB5_0/r/0/2_1.jpg"/>
<file href="media/panorama_CBFBDDCD_DB91_D473_41BC_ACAA1C31DBB5_0/r/0/2_2.jpg"/>
<file href="media/panorama_CA0D2937_DB90_5C1F_41C1_3A22D6FAEAF2_0/d/2/0_0.jpg"/>
<file href="media/panorama_CBCD6822_DB90_5C31_41E8_D76D0E29E1B1_0/f/1/0_0.jpg"/>
<file href="media/panorama_CBCD6822_DB90_5C31_41E8_D76D0E29E1B1_0/f/1/0_1.jpg"/>
<file href="media/panorama_CBCD6822_DB90_5C31_41E8_D76D0E29E1B1_0/f/1/1_0.jpg"/>
<file href="media/panorama_CBCD6822_DB90_5C31_41E8_D76D0E29E1B1_0/f/1/1_1.jpg"/>
<file href="media/panorama_CBCD6822_DB90_5C31_41E8_D76D0E29E1B1_0/d/1/0_0.jpg"/>
<file href="media/panorama_CBCD6822_DB90_5C31_41E8_D76D0E29E1B1_0/d/1/0_1.jpg"/>
<file href="media/panorama_CBCD6822_DB90_5C31_41E8_D76D0E29E1B1_0/d/1/1_0.jpg"/>
<file href="media/panorama_CBCD6822_DB90_5C31_41E8_D76D0E29E1B1_0/d/1/1_1.jpg"/>
<file href="media/panorama_CBFBDDCD_DB91_D473_41BC_ACAA1C31DBB5_0/b/0/0_0.jpg"/>
<file href="media/panorama_CBFBDDCD_DB91_D473_41BC_ACAA1C31DBB5_0/b/0/0_1.jpg"/>
<file href="media/panorama_CBFBDDCD_DB91_D473_41BC_ACAA1C31DBB5_0/b/0/0_2.jpg"/>
<file href="media/panorama_CBFBDDCD_DB91_D473_41BC_ACAA1C31DBB5_0/b/0/1_0.jpg"/>
<file href="media/panorama_CBFBDDCD_DB91_D473_41BC_ACAA1C31DBB5_0/b/0/1_1.jpg"/>
<file href="media/panorama_CBFBDDCD_DB91_D473_41BC_ACAA1C31DBB5_0/b/0/1_2.jpg"/>
<file href="media/panorama_CBFBDDCD_DB91_D473_41BC_ACAA1C31DBB5_0/b/0/2_0.jpg"/>
<file href="media/panorama_CBFBDDCD_DB91_D473_41BC_ACAA1C31DBB5_0/b/0/2_1.jpg"/>
<file href="media/panorama_CBFBDDCD_DB91_D473_41BC_ACAA1C31DBB5_0/b/0/2_2.jpg"/>
<file href="media/panorama_CBCD6822_DB90_5C31_41E8_D76D0E29E1B1_0/l/0/0_0.jpg"/>
<file href="media/panorama_CBCD6822_DB90_5C31_41E8_D76D0E29E1B1_0/l/0/0_1.jpg"/>
<file href="media/panorama_CBCD6822_DB90_5C31_41E8_D76D0E29E1B1_0/l/0/0_2.jpg"/>
<file href="media/panorama_CBCD6822_DB90_5C31_41E8_D76D0E29E1B1_0/l/0/1_0.jpg"/>
<file href="media/panorama_CBCD6822_DB90_5C31_41E8_D76D0E29E1B1_0/l/0/1_1.jpg"/>
<file href="media/panorama_CBCD6822_DB90_5C31_41E8_D76D0E29E1B1_0/l/0/1_2.jpg"/>
<file href="media/panorama_CBCD6822_DB90_5C31_41E8_D76D0E29E1B1_0/l/0/2_0.jpg"/>
<file href="media/panorama_CBCD6822_DB90_5C31_41E8_D76D0E29E1B1_0/l/0/2_1.jpg"/>
<file href="media/panorama_CBCD6822_DB90_5C31_41E8_D76D0E29E1B1_0/l/0/2_2.jpg"/>
<file href="media/panorama_CBFBDDCD_DB91_D473_41BC_ACAA1C31DBB5_0/f/0/0_0.jpg"/>
<file href="media/panorama_CBFBDDCD_DB91_D473_41BC_ACAA1C31DBB5_0/f/0/0_1.jpg"/>
<file href="media/panorama_CBFBDDCD_DB91_D473_41BC_ACAA1C31DBB5_0/f/0/0_2.jpg"/>
<file href="media/panorama_CBFBDDCD_DB91_D473_41BC_ACAA1C31DBB5_0/f/0/1_0.jpg"/>
<file href="media/panorama_CBFBDDCD_DB91_D473_41BC_ACAA1C31DBB5_0/f/0/1_1.jpg"/>
<file href="media/panorama_CBFBDDCD_DB91_D473_41BC_ACAA1C31DBB5_0/f/0/1_2.jpg"/>
<file href="media/panorama_CBFBDDCD_DB91_D473_41BC_ACAA1C31DBB5_0/f/0/2_0.jpg"/>
<file href="media/panorama_CBFBDDCD_DB91_D473_41BC_ACAA1C31DBB5_0/f/0/2_1.jpg"/>
<file href="media/panorama_CBFBDDCD_DB91_D473_41BC_ACAA1C31DBB5_0/f/0/2_2.jpg"/>
<file href="media/panorama_CBFBDDCD_DB91_D473_41BC_ACAA1C31DBB5_0/b/2/0_0.jpg"/>
<file href="media/panorama_CA0D2937_DB90_5C1F_41C1_3A22D6FAEAF2_0/l/0/0_0.jpg"/>
<file href="media/panorama_CA0D2937_DB90_5C1F_41C1_3A22D6FAEAF2_0/l/0/0_1.jpg"/>
<file href="media/panorama_CA0D2937_DB90_5C1F_41C1_3A22D6FAEAF2_0/l/0/0_2.jpg"/>
<file href="media/panorama_CA0D2937_DB90_5C1F_41C1_3A22D6FAEAF2_0/l/0/1_0.jpg"/>
<file href="media/panorama_CA0D2937_DB90_5C1F_41C1_3A22D6FAEAF2_0/l/0/1_1.jpg"/>
<file href="media/panorama_CA0D2937_DB90_5C1F_41C1_3A22D6FAEAF2_0/l/0/1_2.jpg"/>
<file href="media/panorama_CA0D2937_DB90_5C1F_41C1_3A22D6FAEAF2_0/l/0/2_0.jpg"/>
<file href="media/panorama_CA0D2937_DB90_5C1F_41C1_3A22D6FAEAF2_0/l/0/2_1.jpg"/>
<file href="media/panorama_CA0D2937_DB90_5C1F_41C1_3A22D6FAEAF2_0/l/0/2_2.jpg"/>
<file href="media/panorama_CBCD6822_DB90_5C31_41E8_D76D0E29E1B1_0/l/1/0_0.jpg"/>
<file href="media/panorama_CBCD6822_DB90_5C31_41E8_D76D0E29E1B1_0/l/1/0_1.jpg"/>
<file href="media/panorama_CBCD6822_DB90_5C31_41E8_D76D0E29E1B1_0/l/1/1_0.jpg"/>
<file href="media/panorama_CBCD6822_DB90_5C31_41E8_D76D0E29E1B1_0/l/1/1_1.jpg"/>
<file href="media/panorama_D4F951E6_DBB0_4C31_41C3_F5A2780BAC65_0/u/0/0_0.jpg"/>
<file href="media/panorama_D4F951E6_DBB0_4C31_41C3_F5A2780BAC65_0/u/0/0_1.jpg"/>
<file href="media/panorama_D4F951E6_DBB0_4C31_41C3_F5A2780BAC65_0/u/0/0_2.jpg"/>
<file href="media/panorama_D4F951E6_DBB0_4C31_41C3_F5A2780BAC65_0/u/0/1_0.jpg"/>
<file href="media/panorama_D4F951E6_DBB0_4C31_41C3_F5A2780BAC65_0/u/0/1_1.jpg"/>
<file href="media/panorama_D4F951E6_DBB0_4C31_41C3_F5A2780BAC65_0/u/0/1_2.jpg"/>
<file href="media/panorama_D4F951E6_DBB0_4C31_41C3_F5A2780BAC65_0/u/0/2_0.jpg"/>
<file href="media/panorama_D4F951E6_DBB0_4C31_41C3_F5A2780BAC65_0/u/0/2_1.jpg"/>
<file href="media/panorama_D4F951E6_DBB0_4C31_41C3_F5A2780BAC65_0/u/0/2_2.jpg"/>
<file href="media/panorama_CA423771_DBB7_F413_41C3_0D355D63A920_0/d/1/0_0.jpg"/>
<file href="media/panorama_CA423771_DBB7_F413_41C3_0D355D63A920_0/d/1/0_1.jpg"/>
<file href="media/panorama_CA423771_DBB7_F413_41C3_0D355D63A920_0/d/1/1_0.jpg"/>
<file href="media/panorama_CA423771_DBB7_F413_41C3_0D355D63A920_0/d/1/1_1.jpg"/>
<file href="media/panorama_CBCD6822_DB90_5C31_41E8_D76D0E29E1B1_0/u/1/0_0.jpg"/>
<file href="media/panorama_CBCD6822_DB90_5C31_41E8_D76D0E29E1B1_0/u/1/0_1.jpg"/>
<file href="media/panorama_CBCD6822_DB90_5C31_41E8_D76D0E29E1B1_0/u/1/1_0.jpg"/>
<file href="media/panorama_CBCD6822_DB90_5C31_41E8_D76D0E29E1B1_0/u/1/1_1.jpg"/>
<file href="media/panorama_D4F951E6_DBB0_4C31_41C3_F5A2780BAC65_0/f/1/0_0.jpg"/>
<file href="media/panorama_D4F951E6_DBB0_4C31_41C3_F5A2780BAC65_0/f/1/0_1.jpg"/>
<file href="media/panorama_D4F951E6_DBB0_4C31_41C3_F5A2780BAC65_0/f/1/1_0.jpg"/>
<file href="media/panorama_D4F951E6_DBB0_4C31_41C3_F5A2780BAC65_0/f/1/1_1.jpg"/>
<file href="media/panorama_CA423771_DBB7_F413_41C3_0D355D63A920_0/f/2/0_0.jpg"/>
<file href="media/panorama_D4F951E6_DBB0_4C31_41C3_F5A2780BAC65_0/b/1/0_0.jpg"/>
<file href="media/panorama_D4F951E6_DBB0_4C31_41C3_F5A2780BAC65_0/b/1/0_1.jpg"/>
<file href="media/panorama_D4F951E6_DBB0_4C31_41C3_F5A2780BAC65_0/b/1/1_0.jpg"/>
<file href="media/panorama_D4F951E6_DBB0_4C31_41C3_F5A2780BAC65_0/b/1/1_1.jpg"/>
<file href="media/panorama_CB758832_DBB0_7C11_41E1_D49EC19CD9F2_0/d/1/0_0.jpg"/>
<file href="media/panorama_CB758832_DBB0_7C11_41E1_D49EC19CD9F2_0/d/1/0_1.jpg"/>
<file href="media/panorama_CB758832_DBB0_7C11_41E1_D49EC19CD9F2_0/d/1/1_0.jpg"/>
<file href="media/panorama_CB758832_DBB0_7C11_41E1_D49EC19CD9F2_0/d/1/1_1.jpg"/>
<file href="media/panorama_D4373514_DBB0_5411_41E3_3F811A9931A3_0/u/0/0_0.jpg"/>
<file href="media/panorama_D4373514_DBB0_5411_41E3_3F811A9931A3_0/u/0/0_1.jpg"/>
<file href="media/panorama_D4373514_DBB0_5411_41E3_3F811A9931A3_0/u/0/0_2.jpg"/>
<file href="media/panorama_D4373514_DBB0_5411_41E3_3F811A9931A3_0/u/0/1_0.jpg"/>
<file href="media/panorama_D4373514_DBB0_5411_41E3_3F811A9931A3_0/u/0/1_1.jpg"/>
<file href="media/panorama_D4373514_DBB0_5411_41E3_3F811A9931A3_0/u/0/1_2.jpg"/>
<file href="media/panorama_D4373514_DBB0_5411_41E3_3F811A9931A3_0/u/0/2_0.jpg"/>
<file href="media/panorama_D4373514_DBB0_5411_41E3_3F811A9931A3_0/u/0/2_1.jpg"/>
<file href="media/panorama_D4373514_DBB0_5411_41E3_3F811A9931A3_0/u/0/2_2.jpg"/>
<file href="media/panorama_CBFBDDCD_DB91_D473_41BC_ACAA1C31DBB5_0/d/0/0_0.jpg"/>
<file href="media/panorama_CBFBDDCD_DB91_D473_41BC_ACAA1C31DBB5_0/d/0/0_1.jpg"/>
<file href="media/panorama_CBFBDDCD_DB91_D473_41BC_ACAA1C31DBB5_0/d/0/0_2.jpg"/>
<file href="media/panorama_CBFBDDCD_DB91_D473_41BC_ACAA1C31DBB5_0/d/0/1_0.jpg"/>
<file href="media/panorama_CBFBDDCD_DB91_D473_41BC_ACAA1C31DBB5_0/d/0/1_1.jpg"/>
<file href="media/panorama_CBFBDDCD_DB91_D473_41BC_ACAA1C31DBB5_0/d/0/1_2.jpg"/>
<file href="media/panorama_CBFBDDCD_DB91_D473_41BC_ACAA1C31DBB5_0/d/0/2_0.jpg"/>
<file href="media/panorama_CBFBDDCD_DB91_D473_41BC_ACAA1C31DBB5_0/d/0/2_1.jpg"/>
<file href="media/panorama_CBFBDDCD_DB91_D473_41BC_ACAA1C31DBB5_0/d/0/2_2.jpg"/>
<file href="media/panorama_D4A11BCC_DBB0_FC71_41D0_94884094A022_0/b/1/0_0.jpg"/>
<file href="media/panorama_D4A11BCC_DBB0_FC71_41D0_94884094A022_0/b/1/0_1.jpg"/>
<file href="media/panorama_D4A11BCC_DBB0_FC71_41D0_94884094A022_0/b/1/1_0.jpg"/>
<file href="media/panorama_D4A11BCC_DBB0_FC71_41D0_94884094A022_0/b/1/1_1.jpg"/>
<file href="media/panorama_D4373514_DBB0_5411_41E3_3F811A9931A3_0/f/1/0_0.jpg"/>
<file href="media/panorama_D4373514_DBB0_5411_41E3_3F811A9931A3_0/f/1/0_1.jpg"/>
<file href="media/panorama_D4373514_DBB0_5411_41E3_3F811A9931A3_0/f/1/1_0.jpg"/>
<file href="media/panorama_D4373514_DBB0_5411_41E3_3F811A9931A3_0/f/1/1_1.jpg"/>
<file href="media/panorama_CA423771_DBB7_F413_41C3_0D355D63A920_0/u/1/0_0.jpg"/>
<file href="media/panorama_CA423771_DBB7_F413_41C3_0D355D63A920_0/u/1/0_1.jpg"/>
<file href="media/panorama_CA423771_DBB7_F413_41C3_0D355D63A920_0/u/1/1_0.jpg"/>
<file href="media/panorama_CA423771_DBB7_F413_41C3_0D355D63A920_0/u/1/1_1.jpg"/>
<file href="media/panorama_D4F951E6_DBB0_4C31_41C3_F5A2780BAC65_0/l/1/0_0.jpg"/>
<file href="media/panorama_D4F951E6_DBB0_4C31_41C3_F5A2780BAC65_0/l/1/0_1.jpg"/>
<file href="media/panorama_D4F951E6_DBB0_4C31_41C3_F5A2780BAC65_0/l/1/1_0.jpg"/>
<file href="media/panorama_D4F951E6_DBB0_4C31_41C3_F5A2780BAC65_0/l/1/1_1.jpg"/>
<file href="media/panorama_CA0D2937_DB90_5C1F_41C1_3A22D6FAEAF2_0/b/0/0_0.jpg"/>
<file href="media/panorama_CA0D2937_DB90_5C1F_41C1_3A22D6FAEAF2_0/b/0/0_1.jpg"/>
<file href="media/panorama_CA0D2937_DB90_5C1F_41C1_3A22D6FAEAF2_0/b/0/0_2.jpg"/>
<file href="media/panorama_CA0D2937_DB90_5C1F_41C1_3A22D6FAEAF2_0/b/0/1_0.jpg"/>
<file href="media/panorama_CA0D2937_DB90_5C1F_41C1_3A22D6FAEAF2_0/b/0/1_1.jpg"/>
<file href="media/panorama_CA0D2937_DB90_5C1F_41C1_3A22D6FAEAF2_0/b/0/1_2.jpg"/>
<file href="media/panorama_CA0D2937_DB90_5C1F_41C1_3A22D6FAEAF2_0/b/0/2_0.jpg"/>
<file href="media/panorama_CA0D2937_DB90_5C1F_41C1_3A22D6FAEAF2_0/b/0/2_1.jpg"/>
<file href="media/panorama_CA0D2937_DB90_5C1F_41C1_3A22D6FAEAF2_0/b/0/2_2.jpg"/>
<file href="media/panorama_D4A11BCC_DBB0_FC71_41D0_94884094A022_0/f/1/0_0.jpg"/>
<file href="media/panorama_D4A11BCC_DBB0_FC71_41D0_94884094A022_0/f/1/0_1.jpg"/>
<file href="media/panorama_D4A11BCC_DBB0_FC71_41D0_94884094A022_0/f/1/1_0.jpg"/>
<file href="media/panorama_D4A11BCC_DBB0_FC71_41D0_94884094A022_0/f/1/1_1.jpg"/>
<file href="media/panorama_CA423771_DBB7_F413_41C3_0D355D63A920_0/l/0/0_0.jpg"/>
<file href="media/panorama_CA423771_DBB7_F413_41C3_0D355D63A920_0/l/0/0_1.jpg"/>
<file href="media/panorama_CA423771_DBB7_F413_41C3_0D355D63A920_0/l/0/0_2.jpg"/>
<file href="media/panorama_CA423771_DBB7_F413_41C3_0D355D63A920_0/l/0/1_0.jpg"/>
<file href="media/panorama_CA423771_DBB7_F413_41C3_0D355D63A920_0/l/0/1_1.jpg"/>
<file href="media/panorama_CA423771_DBB7_F413_41C3_0D355D63A920_0/l/0/1_2.jpg"/>
<file href="media/panorama_CA423771_DBB7_F413_41C3_0D355D63A920_0/l/0/2_0.jpg"/>
<file href="media/panorama_CA423771_DBB7_F413_41C3_0D355D63A920_0/l/0/2_1.jpg"/>
<file href="media/panorama_CA423771_DBB7_F413_41C3_0D355D63A920_0/l/0/2_2.jpg"/>
<file href="media/panorama_D4A11BCC_DBB0_FC71_41D0_94884094A022_0/u/1/0_0.jpg"/>
<file href="media/panorama_D4A11BCC_DBB0_FC71_41D0_94884094A022_0/u/1/0_1.jpg"/>
<file href="media/panorama_D4A11BCC_DBB0_FC71_41D0_94884094A022_0/u/1/1_0.jpg"/>
<file href="media/panorama_D4A11BCC_DBB0_FC71_41D0_94884094A022_0/u/1/1_1.jpg"/>
<file href="media/panorama_CBFBDDCD_DB91_D473_41BC_ACAA1C31DBB5_0/u/0/0_0.jpg"/>
<file href="media/panorama_CBFBDDCD_DB91_D473_41BC_ACAA1C31DBB5_0/u/0/0_1.jpg"/>
<file href="media/panorama_CBFBDDCD_DB91_D473_41BC_ACAA1C31DBB5_0/u/0/0_2.jpg"/>
<file href="media/panorama_CBFBDDCD_DB91_D473_41BC_ACAA1C31DBB5_0/u/0/1_0.jpg"/>
<file href="media/panorama_CBFBDDCD_DB91_D473_41BC_ACAA1C31DBB5_0/u/0/1_1.jpg"/>
<file href="media/panorama_CBFBDDCD_DB91_D473_41BC_ACAA1C31DBB5_0/u/0/1_2.jpg"/>
<file href="media/panorama_CBFBDDCD_DB91_D473_41BC_ACAA1C31DBB5_0/u/0/2_0.jpg"/>
<file href="media/panorama_CBFBDDCD_DB91_D473_41BC_ACAA1C31DBB5_0/u/0/2_1.jpg"/>
<file href="media/panorama_CBFBDDCD_DB91_D473_41BC_ACAA1C31DBB5_0/u/0/2_2.jpg"/>
<file href="media/panorama_C9F9CB78_DB90_FC11_41E9_6E303CA66A0D_0/u/2/0_0.jpg"/>
<file href="media/panorama_CBCD6822_DB90_5C31_41E8_D76D0E29E1B1_0/b/0/0_0.jpg"/>
<file href="media/panorama_CBCD6822_DB90_5C31_41E8_D76D0E29E1B1_0/b/0/0_1.jpg"/>
<file href="media/panorama_CBCD6822_DB90_5C31_41E8_D76D0E29E1B1_0/b/0/0_2.jpg"/>
<file href="media/panorama_CBCD6822_DB90_5C31_41E8_D76D0E29E1B1_0/b/0/1_0.jpg"/>
<file href="media/panorama_CBCD6822_DB90_5C31_41E8_D76D0E29E1B1_0/b/0/1_1.jpg"/>
<file href="media/panorama_CBCD6822_DB90_5C31_41E8_D76D0E29E1B1_0/b/0/1_2.jpg"/>
<file href="media/panorama_CBCD6822_DB90_5C31_41E8_D76D0E29E1B1_0/b/0/2_0.jpg"/>
<file href="media/panorama_CBCD6822_DB90_5C31_41E8_D76D0E29E1B1_0/b/0/2_1.jpg"/>
<file href="media/panorama_CBCD6822_DB90_5C31_41E8_D76D0E29E1B1_0/b/0/2_2.jpg"/>
<file href="media/panorama_CA0D2937_DB90_5C1F_41C1_3A22D6FAEAF2_0/b/1/0_0.jpg"/>
<file href="media/panorama_CA0D2937_DB90_5C1F_41C1_3A22D6FAEAF2_0/b/1/0_1.jpg"/>
<file href="media/panorama_CA0D2937_DB90_5C1F_41C1_3A22D6FAEAF2_0/b/1/1_0.jpg"/>
<file href="media/panorama_CA0D2937_DB90_5C1F_41C1_3A22D6FAEAF2_0/b/1/1_1.jpg"/>
<file href="media/panorama_CBFBDDCD_DB91_D473_41BC_ACAA1C31DBB5_0/l/0/0_0.jpg"/>
<file href="media/panorama_CBFBDDCD_DB91_D473_41BC_ACAA1C31DBB5_0/l/0/0_1.jpg"/>
<file href="media/panorama_CBFBDDCD_DB91_D473_41BC_ACAA1C31DBB5_0/l/0/0_2.jpg"/>
<file href="media/panorama_CBFBDDCD_DB91_D473_41BC_ACAA1C31DBB5_0/l/0/1_0.jpg"/>
<file href="media/panorama_CBFBDDCD_DB91_D473_41BC_ACAA1C31DBB5_0/l/0/1_1.jpg"/>
<file href="media/panorama_CBFBDDCD_DB91_D473_41BC_ACAA1C31DBB5_0/l/0/1_2.jpg"/>
<file href="media/panorama_CBFBDDCD_DB91_D473_41BC_ACAA1C31DBB5_0/l/0/2_0.jpg"/>
<file href="media/panorama_CBFBDDCD_DB91_D473_41BC_ACAA1C31DBB5_0/l/0/2_1.jpg"/>
<file href="media/panorama_CBFBDDCD_DB91_D473_41BC_ACAA1C31DBB5_0/l/0/2_2.jpg"/>
<file href="media/panorama_C9F9CB78_DB90_FC11_41E9_6E303CA66A0D_0/f/1/0_0.jpg"/>
<file href="media/panorama_C9F9CB78_DB90_FC11_41E9_6E303CA66A0D_0/f/1/0_1.jpg"/>
<file href="media/panorama_C9F9CB78_DB90_FC11_41E9_6E303CA66A0D_0/f/1/1_0.jpg"/>
<file href="media/panorama_C9F9CB78_DB90_FC11_41E9_6E303CA66A0D_0/f/1/1_1.jpg"/>
<file href="media/panorama_CA423771_DBB7_F413_41C3_0D355D63A920_0/r/2/0_0.jpg"/>
<file href="media/panorama_D4373514_DBB0_5411_41E3_3F811A9931A3_0/l/1/0_0.jpg"/>
<file href="media/panorama_D4373514_DBB0_5411_41E3_3F811A9931A3_0/l/1/0_1.jpg"/>
<file href="media/panorama_D4373514_DBB0_5411_41E3_3F811A9931A3_0/l/1/1_0.jpg"/>
<file href="media/panorama_D4373514_DBB0_5411_41E3_3F811A9931A3_0/l/1/1_1.jpg"/>
<file href="media/panorama_CBCD6822_DB90_5C31_41E8_D76D0E29E1B1_0/d/0/0_0.jpg"/>
<file href="media/panorama_CBCD6822_DB90_5C31_41E8_D76D0E29E1B1_0/d/0/0_1.jpg"/>
<file href="media/panorama_CBCD6822_DB90_5C31_41E8_D76D0E29E1B1_0/d/0/0_2.jpg"/>
<file href="media/panorama_CBCD6822_DB90_5C31_41E8_D76D0E29E1B1_0/d/0/1_0.jpg"/>
<file href="media/panorama_CBCD6822_DB90_5C31_41E8_D76D0E29E1B1_0/d/0/1_1.jpg"/>
<file href="media/panorama_CBCD6822_DB90_5C31_41E8_D76D0E29E1B1_0/d/0/1_2.jpg"/>
<file href="media/panorama_CBCD6822_DB90_5C31_41E8_D76D0E29E1B1_0/d/0/2_0.jpg"/>
<file href="media/panorama_CBCD6822_DB90_5C31_41E8_D76D0E29E1B1_0/d/0/2_1.jpg"/>
<file href="media/panorama_CBCD6822_DB90_5C31_41E8_D76D0E29E1B1_0/d/0/2_2.jpg"/>
<file href="media/panorama_CB758832_DBB0_7C11_41E1_D49EC19CD9F2_0/b/0/0_0.jpg"/>
<file href="media/panorama_CB758832_DBB0_7C11_41E1_D49EC19CD9F2_0/b/0/0_1.jpg"/>
<file href="media/panorama_CB758832_DBB0_7C11_41E1_D49EC19CD9F2_0/b/0/0_2.jpg"/>
<file href="media/panorama_CB758832_DBB0_7C11_41E1_D49EC19CD9F2_0/b/0/1_0.jpg"/>
<file href="media/panorama_CB758832_DBB0_7C11_41E1_D49EC19CD9F2_0/b/0/1_1.jpg"/>
<file href="media/panorama_CB758832_DBB0_7C11_41E1_D49EC19CD9F2_0/b/0/1_2.jpg"/>
<file href="media/panorama_CB758832_DBB0_7C11_41E1_D49EC19CD9F2_0/b/0/2_0.jpg"/>
<file href="media/panorama_CB758832_DBB0_7C11_41E1_D49EC19CD9F2_0/b/0/2_1.jpg"/>
<file href="media/panorama_CB758832_DBB0_7C11_41E1_D49EC19CD9F2_0/b/0/2_2.jpg"/>
<file href="media/panorama_CBCD6822_DB90_5C31_41E8_D76D0E29E1B1_0/r/1/0_0.jpg"/>
<file href="media/panorama_CBCD6822_DB90_5C31_41E8_D76D0E29E1B1_0/r/1/0_1.jpg"/>
<file href="media/panorama_CBCD6822_DB90_5C31_41E8_D76D0E29E1B1_0/r/1/1_0.jpg"/>
<file href="media/panorama_CBCD6822_DB90_5C31_41E8_D76D0E29E1B1_0/r/1/1_1.jpg"/>
<file href="media/panorama_CA423771_DBB7_F413_41C3_0D355D63A920_0/d/2/0_0.jpg"/>
<file href="media/panorama_D4F951E6_DBB0_4C31_41C3_F5A2780BAC65_0/r/1/0_0.jpg"/>
<file href="media/panorama_D4F951E6_DBB0_4C31_41C3_F5A2780BAC65_0/r/1/0_1.jpg"/>
<file href="media/panorama_D4F951E6_DBB0_4C31_41C3_F5A2780BAC65_0/r/1/1_0.jpg"/>
<file href="media/panorama_D4F951E6_DBB0_4C31_41C3_F5A2780BAC65_0/r/1/1_1.jpg"/>
<file href="media/panorama_CB758832_DBB0_7C11_41E1_D49EC19CD9F2_0/u/0/0_0.jpg"/>
<file href="media/panorama_CB758832_DBB0_7C11_41E1_D49EC19CD9F2_0/u/0/0_1.jpg"/>
<file href="media/panorama_CB758832_DBB0_7C11_41E1_D49EC19CD9F2_0/u/0/0_2.jpg"/>
<file href="media/panorama_CB758832_DBB0_7C11_41E1_D49EC19CD9F2_0/u/0/1_0.jpg"/>
<file href="media/panorama_CB758832_DBB0_7C11_41E1_D49EC19CD9F2_0/u/0/1_1.jpg"/>
<file href="media/panorama_CB758832_DBB0_7C11_41E1_D49EC19CD9F2_0/u/0/1_2.jpg"/>
<file href="media/panorama_CB758832_DBB0_7C11_41E1_D49EC19CD9F2_0/u/0/2_0.jpg"/>
<file href="media/panorama_CB758832_DBB0_7C11_41E1_D49EC19CD9F2_0/u/0/2_1.jpg"/>
<file href="media/panorama_CB758832_DBB0_7C11_41E1_D49EC19CD9F2_0/u/0/2_2.jpg"/>
<file href="media/panorama_CA0D2937_DB90_5C1F_41C1_3A22D6FAEAF2_0/r/0/0_0.jpg"/>
<file href="media/panorama_CA0D2937_DB90_5C1F_41C1_3A22D6FAEAF2_0/r/0/0_1.jpg"/>
<file href="media/panorama_CA0D2937_DB90_5C1F_41C1_3A22D6FAEAF2_0/r/0/0_2.jpg"/>
<file href="media/panorama_CA0D2937_DB90_5C1F_41C1_3A22D6FAEAF2_0/r/0/1_0.jpg"/>
<file href="media/panorama_CA0D2937_DB90_5C1F_41C1_3A22D6FAEAF2_0/r/0/1_1.jpg"/>
<file href="media/panorama_CA0D2937_DB90_5C1F_41C1_3A22D6FAEAF2_0/r/0/1_2.jpg"/>
<file href="media/panorama_CA0D2937_DB90_5C1F_41C1_3A22D6FAEAF2_0/r/0/2_0.jpg"/>
<file href="media/panorama_CA0D2937_DB90_5C1F_41C1_3A22D6FAEAF2_0/r/0/2_1.jpg"/>
<file href="media/panorama_CA0D2937_DB90_5C1F_41C1_3A22D6FAEAF2_0/r/0/2_2.jpg"/>
<file href="media/panorama_D4373514_DBB0_5411_41E3_3F811A9931A3_0/d/0/0_0.jpg"/>
<file href="media/panorama_D4373514_DBB0_5411_41E3_3F811A9931A3_0/d/0/0_1.jpg"/>
<file href="media/panorama_D4373514_DBB0_5411_41E3_3F811A9931A3_0/d/0/0_2.jpg"/>
<file href="media/panorama_D4373514_DBB0_5411_41E3_3F811A9931A3_0/d/0/1_0.jpg"/>
<file href="media/panorama_D4373514_DBB0_5411_41E3_3F811A9931A3_0/d/0/1_1.jpg"/>
<file href="media/panorama_D4373514_DBB0_5411_41E3_3F811A9931A3_0/d/0/1_2.jpg"/>
<file href="media/panorama_D4373514_DBB0_5411_41E3_3F811A9931A3_0/d/0/2_0.jpg"/>
<file href="media/panorama_D4373514_DBB0_5411_41E3_3F811A9931A3_0/d/0/2_1.jpg"/>
<file href="media/panorama_D4373514_DBB0_5411_41E3_3F811A9931A3_0/d/0/2_2.jpg"/>
<file href="media/panorama_D4373514_DBB0_5411_41E3_3F811A9931A3_0/r/0/0_0.jpg"/>
<file href="media/panorama_D4373514_DBB0_5411_41E3_3F811A9931A3_0/r/0/0_1.jpg"/>
<file href="media/panorama_D4373514_DBB0_5411_41E3_3F811A9931A3_0/r/0/0_2.jpg"/>
<file href="media/panorama_D4373514_DBB0_5411_41E3_3F811A9931A3_0/r/0/1_0.jpg"/>
<file href="media/panorama_D4373514_DBB0_5411_41E3_3F811A9931A3_0/r/0/1_1.jpg"/>
<file href="media/panorama_D4373514_DBB0_5411_41E3_3F811A9931A3_0/r/0/1_2.jpg"/>
<file href="media/panorama_D4373514_DBB0_5411_41E3_3F811A9931A3_0/r/0/2_0.jpg"/>
<file href="media/panorama_D4373514_DBB0_5411_41E3_3F811A9931A3_0/r/0/2_1.jpg"/>
<file href="media/panorama_D4373514_DBB0_5411_41E3_3F811A9931A3_0/r/0/2_2.jpg"/>
<file href="media/panorama_D4A11BCC_DBB0_FC71_41D0_94884094A022_0/d/1/0_0.jpg"/>
<file href="media/panorama_D4A11BCC_DBB0_FC71_41D0_94884094A022_0/d/1/0_1.jpg"/>
<file href="media/panorama_D4A11BCC_DBB0_FC71_41D0_94884094A022_0/d/1/1_0.jpg"/>
<file href="media/panorama_D4A11BCC_DBB0_FC71_41D0_94884094A022_0/d/1/1_1.jpg"/>
<file href="media/panorama_C9F9CB78_DB90_FC11_41E9_6E303CA66A0D_0/d/2/0_0.jpg"/>
<file href="media/panorama_CA0D2937_DB90_5C1F_41C1_3A22D6FAEAF2_0/u/2/0_0.jpg"/>
<file href="media/panorama_CA423771_DBB7_F413_41C3_0D355D63A920_0/l/2/0_0.jpg"/>
<file href="media/panorama_CA423771_DBB7_F413_41C3_0D355D63A920_0/f/0/0_0.jpg"/>
<file href="media/panorama_CA423771_DBB7_F413_41C3_0D355D63A920_0/f/0/0_1.jpg"/>
<file href="media/panorama_CA423771_DBB7_F413_41C3_0D355D63A920_0/f/0/0_2.jpg"/>
<file href="media/panorama_CA423771_DBB7_F413_41C3_0D355D63A920_0/f/0/1_0.jpg"/>
<file href="media/panorama_CA423771_DBB7_F413_41C3_0D355D63A920_0/f/0/1_1.jpg"/>
<file href="media/panorama_CA423771_DBB7_F413_41C3_0D355D63A920_0/f/0/1_2.jpg"/>
<file href="media/panorama_CA423771_DBB7_F413_41C3_0D355D63A920_0/f/0/2_0.jpg"/>
<file href="media/panorama_CA423771_DBB7_F413_41C3_0D355D63A920_0/f/0/2_1.jpg"/>
<file href="media/panorama_CA423771_DBB7_F413_41C3_0D355D63A920_0/f/0/2_2.jpg"/>
<file href="media/panorama_D4F951E6_DBB0_4C31_41C3_F5A2780BAC65_0/b/0/0_0.jpg"/>
<file href="media/panorama_D4F951E6_DBB0_4C31_41C3_F5A2780BAC65_0/b/0/0_1.jpg"/>
<file href="media/panorama_D4F951E6_DBB0_4C31_41C3_F5A2780BAC65_0/b/0/0_2.jpg"/>
<file href="media/panorama_D4F951E6_DBB0_4C31_41C3_F5A2780BAC65_0/b/0/1_0.jpg"/>
<file href="media/panorama_D4F951E6_DBB0_4C31_41C3_F5A2780BAC65_0/b/0/1_1.jpg"/>
<file href="media/panorama_D4F951E6_DBB0_4C31_41C3_F5A2780BAC65_0/b/0/1_2.jpg"/>
<file href="media/panorama_D4F951E6_DBB0_4C31_41C3_F5A2780BAC65_0/b/0/2_0.jpg"/>
<file href="media/panorama_D4F951E6_DBB0_4C31_41C3_F5A2780BAC65_0/b/0/2_1.jpg"/>
<file href="media/panorama_D4F951E6_DBB0_4C31_41C3_F5A2780BAC65_0/b/0/2_2.jpg"/>
<file href="media/panorama_C9F9CB78_DB90_FC11_41E9_6E303CA66A0D_0/b/0/0_0.jpg"/>
<file href="media/panorama_C9F9CB78_DB90_FC11_41E9_6E303CA66A0D_0/b/0/0_1.jpg"/>
<file href="media/panorama_C9F9CB78_DB90_FC11_41E9_6E303CA66A0D_0/b/0/0_2.jpg"/>
<file href="media/panorama_C9F9CB78_DB90_FC11_41E9_6E303CA66A0D_0/b/0/1_0.jpg"/>
<file href="media/panorama_C9F9CB78_DB90_FC11_41E9_6E303CA66A0D_0/b/0/1_1.jpg"/>
<file href="media/panorama_C9F9CB78_DB90_FC11_41E9_6E303CA66A0D_0/b/0/1_2.jpg"/>
<file href="media/panorama_C9F9CB78_DB90_FC11_41E9_6E303CA66A0D_0/b/0/2_0.jpg"/>
<file href="media/panorama_C9F9CB78_DB90_FC11_41E9_6E303CA66A0D_0/b/0/2_1.jpg"/>
<file href="media/panorama_C9F9CB78_DB90_FC11_41E9_6E303CA66A0D_0/b/0/2_2.jpg"/>
<file href="media/panorama_D4373514_DBB0_5411_41E3_3F811A9931A3_0/b/1/0_0.jpg"/>
<file href="media/panorama_D4373514_DBB0_5411_41E3_3F811A9931A3_0/b/1/0_1.jpg"/>
<file href="media/panorama_D4373514_DBB0_5411_41E3_3F811A9931A3_0/b/1/1_0.jpg"/>
<file href="media/panorama_D4373514_DBB0_5411_41E3_3F811A9931A3_0/b/1/1_1.jpg"/>
<file href="media/panorama_CB758832_DBB0_7C11_41E1_D49EC19CD9F2_0/l/0/0_0.jpg"/>
<file href="media/panorama_CB758832_DBB0_7C11_41E1_D49EC19CD9F2_0/l/0/0_1.jpg"/>
<file href="media/panorama_CB758832_DBB0_7C11_41E1_D49EC19CD9F2_0/l/0/0_2.jpg"/>
<file href="media/panorama_CB758832_DBB0_7C11_41E1_D49EC19CD9F2_0/l/0/1_0.jpg"/>
<file href="media/panorama_CB758832_DBB0_7C11_41E1_D49EC19CD9F2_0/l/0/1_1.jpg"/>
<file href="media/panorama_CB758832_DBB0_7C11_41E1_D49EC19CD9F2_0/l/0/1_2.jpg"/>
<file href="media/panorama_CB758832_DBB0_7C11_41E1_D49EC19CD9F2_0/l/0/2_0.jpg"/>
<file href="media/panorama_CB758832_DBB0_7C11_41E1_D49EC19CD9F2_0/l/0/2_1.jpg"/>
<file href="media/panorama_CB758832_DBB0_7C11_41E1_D49EC19CD9F2_0/l/0/2_2.jpg"/>
<file href="media/panorama_CA423771_DBB7_F413_41C3_0D355D63A920_0/r/0/0_0.jpg"/>
<file href="media/panorama_CA423771_DBB7_F413_41C3_0D355D63A920_0/r/0/0_1.jpg"/>
<file href="media/panorama_CA423771_DBB7_F413_41C3_0D355D63A920_0/r/0/0_2.jpg"/>
<file href="media/panorama_CA423771_DBB7_F413_41C3_0D355D63A920_0/r/0/1_0.jpg"/>
<file href="media/panorama_CA423771_DBB7_F413_41C3_0D355D63A920_0/r/0/1_1.jpg"/>
<file href="media/panorama_CA423771_DBB7_F413_41C3_0D355D63A920_0/r/0/1_2.jpg"/>
<file href="media/panorama_CA423771_DBB7_F413_41C3_0D355D63A920_0/r/0/2_0.jpg"/>
<file href="media/panorama_CA423771_DBB7_F413_41C3_0D355D63A920_0/r/0/2_1.jpg"/>
<file href="media/panorama_CA423771_DBB7_F413_41C3_0D355D63A920_0/r/0/2_2.jpg"/>
<file href="media/panorama_CBCD6822_DB90_5C31_41E8_D76D0E29E1B1_0/d/2/0_0.jpg"/>
<file href="media/panorama_C9F9CB78_DB90_FC11_41E9_6E303CA66A0D_0/u/1/0_0.jpg"/>
<file href="media/panorama_C9F9CB78_DB90_FC11_41E9_6E303CA66A0D_0/u/1/0_1.jpg"/>
<file href="media/panorama_C9F9CB78_DB90_FC11_41E9_6E303CA66A0D_0/u/1/1_0.jpg"/>
<file href="media/panorama_C9F9CB78_DB90_FC11_41E9_6E303CA66A0D_0/u/1/1_1.jpg"/>
<file href="media/panorama_C9F9CB78_DB90_FC11_41E9_6E303CA66A0D_0/r/0/0_0.jpg"/>
<file href="media/panorama_C9F9CB78_DB90_FC11_41E9_6E303CA66A0D_0/r/0/0_1.jpg"/>
<file href="media/panorama_C9F9CB78_DB90_FC11_41E9_6E303CA66A0D_0/r/0/0_2.jpg"/>
<file href="media/panorama_C9F9CB78_DB90_FC11_41E9_6E303CA66A0D_0/r/0/1_0.jpg"/>
<file href="media/panorama_C9F9CB78_DB90_FC11_41E9_6E303CA66A0D_0/r/0/1_1.jpg"/>
<file href="media/panorama_C9F9CB78_DB90_FC11_41E9_6E303CA66A0D_0/r/0/1_2.jpg"/>
<file href="media/panorama_C9F9CB78_DB90_FC11_41E9_6E303CA66A0D_0/r/0/2_0.jpg"/>
<file href="media/panorama_C9F9CB78_DB90_FC11_41E9_6E303CA66A0D_0/r/0/2_1.jpg"/>
<file href="media/panorama_C9F9CB78_DB90_FC11_41E9_6E303CA66A0D_0/r/0/2_2.jpg"/>
<file href="media/panorama_CB758832_DBB0_7C11_41E1_D49EC19CD9F2_0/d/0/0_0.jpg"/>
<file href="media/panorama_CB758832_DBB0_7C11_41E1_D49EC19CD9F2_0/d/0/0_1.jpg"/>
<file href="media/panorama_CB758832_DBB0_7C11_41E1_D49EC19CD9F2_0/d/0/0_2.jpg"/>
<file href="media/panorama_CB758832_DBB0_7C11_41E1_D49EC19CD9F2_0/d/0/1_0.jpg"/>
<file href="media/panorama_CB758832_DBB0_7C11_41E1_D49EC19CD9F2_0/d/0/1_1.jpg"/>
<file href="media/panorama_CB758832_DBB0_7C11_41E1_D49EC19CD9F2_0/d/0/1_2.jpg"/>
<file href="media/panorama_CB758832_DBB0_7C11_41E1_D49EC19CD9F2_0/d/0/2_0.jpg"/>
<file href="media/panorama_CB758832_DBB0_7C11_41E1_D49EC19CD9F2_0/d/0/2_1.jpg"/>
<file href="media/panorama_CB758832_DBB0_7C11_41E1_D49EC19CD9F2_0/d/0/2_2.jpg"/>
<file href="media/panorama_CBCD6822_DB90_5C31_41E8_D76D0E29E1B1_0/u/2/0_0.jpg"/>
<file href="media/panorama_D4F951E6_DBB0_4C31_41C3_F5A2780BAC65_0/d/1/0_0.jpg"/>
<file href="media/panorama_D4F951E6_DBB0_4C31_41C3_F5A2780BAC65_0/d/1/0_1.jpg"/>
<file href="media/panorama_D4F951E6_DBB0_4C31_41C3_F5A2780BAC65_0/d/1/1_0.jpg"/>
<file href="media/panorama_D4F951E6_DBB0_4C31_41C3_F5A2780BAC65_0/d/1/1_1.jpg"/>
<file href="media/panorama_D4373514_DBB0_5411_41E3_3F811A9931A3_0/f/0/0_0.jpg"/>
<file href="media/panorama_D4373514_DBB0_5411_41E3_3F811A9931A3_0/f/0/0_1.jpg"/>
<file href="media/panorama_D4373514_DBB0_5411_41E3_3F811A9931A3_0/f/0/0_2.jpg"/>
<file href="media/panorama_D4373514_DBB0_5411_41E3_3F811A9931A3_0/f/0/1_0.jpg"/>
<file href="media/panorama_D4373514_DBB0_5411_41E3_3F811A9931A3_0/f/0/1_1.jpg"/>
<file href="media/panorama_D4373514_DBB0_5411_41E3_3F811A9931A3_0/f/0/1_2.jpg"/>
<file href="media/panorama_D4373514_DBB0_5411_41E3_3F811A9931A3_0/f/0/2_0.jpg"/>
<file href="media/panorama_D4373514_DBB0_5411_41E3_3F811A9931A3_0/f/0/2_1.jpg"/>
<file href="media/panorama_D4373514_DBB0_5411_41E3_3F811A9931A3_0/f/0/2_2.jpg"/>
<file href="media/panorama_CB758832_DBB0_7C11_41E1_D49EC19CD9F2_0/l/2/0_0.jpg"/>
<file href="media/panorama_C9F9CB78_DB90_FC11_41E9_6E303CA66A0D_0/l/0/0_0.jpg"/>
<file href="media/panorama_C9F9CB78_DB90_FC11_41E9_6E303CA66A0D_0/l/0/0_1.jpg"/>
<file href="media/panorama_C9F9CB78_DB90_FC11_41E9_6E303CA66A0D_0/l/0/0_2.jpg"/>
<file href="media/panorama_C9F9CB78_DB90_FC11_41E9_6E303CA66A0D_0/l/0/1_0.jpg"/>
<file href="media/panorama_C9F9CB78_DB90_FC11_41E9_6E303CA66A0D_0/l/0/1_1.jpg"/>
<file href="media/panorama_C9F9CB78_DB90_FC11_41E9_6E303CA66A0D_0/l/0/1_2.jpg"/>
<file href="media/panorama_C9F9CB78_DB90_FC11_41E9_6E303CA66A0D_0/l/0/2_0.jpg"/>
<file href="media/panorama_C9F9CB78_DB90_FC11_41E9_6E303CA66A0D_0/l/0/2_1.jpg"/>
<file href="media/panorama_C9F9CB78_DB90_FC11_41E9_6E303CA66A0D_0/l/0/2_2.jpg"/>
<file href="media/panorama_D4A11BCC_DBB0_FC71_41D0_94884094A022_0/r/1/0_0.jpg"/>
<file href="media/panorama_D4A11BCC_DBB0_FC71_41D0_94884094A022_0/r/1/0_1.jpg"/>
<file href="media/panorama_D4A11BCC_DBB0_FC71_41D0_94884094A022_0/r/1/1_0.jpg"/>
<file href="media/panorama_D4A11BCC_DBB0_FC71_41D0_94884094A022_0/r/1/1_1.jpg"/>
<file href="media/panorama_D4F951E6_DBB0_4C31_41C3_F5A2780BAC65_0/u/1/0_0.jpg"/>
<file href="media/panorama_D4F951E6_DBB0_4C31_41C3_F5A2780BAC65_0/u/1/0_1.jpg"/>
<file href="media/panorama_D4F951E6_DBB0_4C31_41C3_F5A2780BAC65_0/u/1/1_0.jpg"/>
<file href="media/panorama_D4F951E6_DBB0_4C31_41C3_F5A2780BAC65_0/u/1/1_1.jpg"/>
<file href="media/panorama_D4A11BCC_DBB0_FC71_41D0_94884094A022_0/b/0/0_0.jpg"/>
<file href="media/panorama_D4A11BCC_DBB0_FC71_41D0_94884094A022_0/b/0/0_1.jpg"/>
<file href="media/panorama_D4A11BCC_DBB0_FC71_41D0_94884094A022_0/b/0/0_2.jpg"/>
<file href="media/panorama_D4A11BCC_DBB0_FC71_41D0_94884094A022_0/b/0/1_0.jpg"/>
<file href="media/panorama_D4A11BCC_DBB0_FC71_41D0_94884094A022_0/b/0/1_1.jpg"/>
<file href="media/panorama_D4A11BCC_DBB0_FC71_41D0_94884094A022_0/b/0/1_2.jpg"/>
<file href="media/panorama_D4A11BCC_DBB0_FC71_41D0_94884094A022_0/b/0/2_0.jpg"/>
<file href="media/panorama_D4A11BCC_DBB0_FC71_41D0_94884094A022_0/b/0/2_1.jpg"/>
<file href="media/panorama_D4A11BCC_DBB0_FC71_41D0_94884094A022_0/b/0/2_2.jpg"/>
<file href="media/panorama_D4A11BCC_DBB0_FC71_41D0_94884094A022_0/f/0/0_0.jpg"/>
<file href="media/panorama_D4A11BCC_DBB0_FC71_41D0_94884094A022_0/f/0/0_1.jpg"/>
<file href="media/panorama_D4A11BCC_DBB0_FC71_41D0_94884094A022_0/f/0/0_2.jpg"/>
<file href="media/panorama_D4A11BCC_DBB0_FC71_41D0_94884094A022_0/f/0/1_0.jpg"/>
<file href="media/panorama_D4A11BCC_DBB0_FC71_41D0_94884094A022_0/f/0/1_1.jpg"/>
<file href="media/panorama_D4A11BCC_DBB0_FC71_41D0_94884094A022_0/f/0/1_2.jpg"/>
<file href="media/panorama_D4A11BCC_DBB0_FC71_41D0_94884094A022_0/f/0/2_0.jpg"/>
<file href="media/panorama_D4A11BCC_DBB0_FC71_41D0_94884094A022_0/f/0/2_1.jpg"/>
<file href="media/panorama_D4A11BCC_DBB0_FC71_41D0_94884094A022_0/f/0/2_2.jpg"/>
<file href="media/panorama_D4F951E6_DBB0_4C31_41C3_F5A2780BAC65_0/f/0/0_0.jpg"/>
<file href="media/panorama_D4F951E6_DBB0_4C31_41C3_F5A2780BAC65_0/f/0/0_1.jpg"/>
<file href="media/panorama_D4F951E6_DBB0_4C31_41C3_F5A2780BAC65_0/f/0/0_2.jpg"/>
<file href="media/panorama_D4F951E6_DBB0_4C31_41C3_F5A2780BAC65_0/f/0/1_0.jpg"/>
<file href="media/panorama_D4F951E6_DBB0_4C31_41C3_F5A2780BAC65_0/f/0/1_1.jpg"/>
<file href="media/panorama_D4F951E6_DBB0_4C31_41C3_F5A2780BAC65_0/f/0/1_2.jpg"/>
<file href="media/panorama_D4F951E6_DBB0_4C31_41C3_F5A2780BAC65_0/f/0/2_0.jpg"/>
<file href="media/panorama_D4F951E6_DBB0_4C31_41C3_F5A2780BAC65_0/f/0/2_1.jpg"/>
<file href="media/panorama_D4F951E6_DBB0_4C31_41C3_F5A2780BAC65_0/f/0/2_2.jpg"/>
<file href="media/panorama_CA423771_DBB7_F413_41C3_0D355D63A920_0/b/1/0_0.jpg"/>
<file href="media/panorama_CA423771_DBB7_F413_41C3_0D355D63A920_0/b/1/0_1.jpg"/>
<file href="media/panorama_CA423771_DBB7_F413_41C3_0D355D63A920_0/b/1/1_0.jpg"/>
<file href="media/panorama_CA423771_DBB7_F413_41C3_0D355D63A920_0/b/1/1_1.jpg"/>
<file href="media/panorama_CBFBDDCD_DB91_D473_41BC_ACAA1C31DBB5_0/f/1/0_0.jpg"/>
<file href="media/panorama_CBFBDDCD_DB91_D473_41BC_ACAA1C31DBB5_0/f/1/0_1.jpg"/>
<file href="media/panorama_CBFBDDCD_DB91_D473_41BC_ACAA1C31DBB5_0/f/1/1_0.jpg"/>
<file href="media/panorama_CBFBDDCD_DB91_D473_41BC_ACAA1C31DBB5_0/f/1/1_1.jpg"/>
<file href="media/panorama_D4F951E6_DBB0_4C31_41C3_F5A2780BAC65_0/l/0/0_0.jpg"/>
<file href="media/panorama_D4F951E6_DBB0_4C31_41C3_F5A2780BAC65_0/l/0/0_1.jpg"/>
<file href="media/panorama_D4F951E6_DBB0_4C31_41C3_F5A2780BAC65_0/l/0/0_2.jpg"/>
<file href="media/panorama_D4F951E6_DBB0_4C31_41C3_F5A2780BAC65_0/l/0/1_0.jpg"/>
<file href="media/panorama_D4F951E6_DBB0_4C31_41C3_F5A2780BAC65_0/l/0/1_1.jpg"/>
<file href="media/panorama_D4F951E6_DBB0_4C31_41C3_F5A2780BAC65_0/l/0/1_2.jpg"/>
<file href="media/panorama_D4F951E6_DBB0_4C31_41C3_F5A2780BAC65_0/l/0/2_0.jpg"/>
<file href="media/panorama_D4F951E6_DBB0_4C31_41C3_F5A2780BAC65_0/l/0/2_1.jpg"/>
<file href="media/panorama_D4F951E6_DBB0_4C31_41C3_F5A2780BAC65_0/l/0/2_2.jpg"/>
<file href="media/panorama_C9F9CB78_DB90_FC11_41E9_6E303CA66A0D_0/l/1/0_0.jpg"/>
<file href="media/panorama_C9F9CB78_DB90_FC11_41E9_6E303CA66A0D_0/l/1/0_1.jpg"/>
<file href="media/panorama_C9F9CB78_DB90_FC11_41E9_6E303CA66A0D_0/l/1/1_0.jpg"/>
<file href="media/panorama_C9F9CB78_DB90_FC11_41E9_6E303CA66A0D_0/l/1/1_1.jpg"/>
<file href="media/panorama_CBFBDDCD_DB91_D473_41BC_ACAA1C31DBB5_0/b/1/0_0.jpg"/>
<file href="media/panorama_CBFBDDCD_DB91_D473_41BC_ACAA1C31DBB5_0/b/1/0_1.jpg"/>
<file href="media/panorama_CBFBDDCD_DB91_D473_41BC_ACAA1C31DBB5_0/b/1/1_0.jpg"/>
<file href="media/panorama_CBFBDDCD_DB91_D473_41BC_ACAA1C31DBB5_0/b/1/1_1.jpg"/>
<file href="media/panorama_D4A11BCC_DBB0_FC71_41D0_94884094A022_0/u/0/0_0.jpg"/>
<file href="media/panorama_D4A11BCC_DBB0_FC71_41D0_94884094A022_0/u/0/0_1.jpg"/>
<file href="media/panorama_D4A11BCC_DBB0_FC71_41D0_94884094A022_0/u/0/0_2.jpg"/>
<file href="media/panorama_D4A11BCC_DBB0_FC71_41D0_94884094A022_0/u/0/1_0.jpg"/>
<file href="media/panorama_D4A11BCC_DBB0_FC71_41D0_94884094A022_0/u/0/1_1.jpg"/>
<file href="media/panorama_D4A11BCC_DBB0_FC71_41D0_94884094A022_0/u/0/1_2.jpg"/>
<file href="media/panorama_D4A11BCC_DBB0_FC71_41D0_94884094A022_0/u/0/2_0.jpg"/>
<file href="media/panorama_D4A11BCC_DBB0_FC71_41D0_94884094A022_0/u/0/2_1.jpg"/>
<file href="media/panorama_D4A11BCC_DBB0_FC71_41D0_94884094A022_0/u/0/2_2.jpg"/>
<file href="media/panorama_CB758832_DBB0_7C11_41E1_D49EC19CD9F2_0/r/1/0_0.jpg"/>
<file href="media/panorama_CB758832_DBB0_7C11_41E1_D49EC19CD9F2_0/r/1/0_1.jpg"/>
<file href="media/panorama_CB758832_DBB0_7C11_41E1_D49EC19CD9F2_0/r/1/1_0.jpg"/>
<file href="media/panorama_CB758832_DBB0_7C11_41E1_D49EC19CD9F2_0/r/1/1_1.jpg"/>
<file href="media/panorama_CBCD6822_DB90_5C31_41E8_D76D0E29E1B1_0/u/0/0_0.jpg"/>
<file href="media/panorama_CBCD6822_DB90_5C31_41E8_D76D0E29E1B1_0/u/0/0_1.jpg"/>
<file href="media/panorama_CBCD6822_DB90_5C31_41E8_D76D0E29E1B1_0/u/0/0_2.jpg"/>
<file href="media/panorama_CBCD6822_DB90_5C31_41E8_D76D0E29E1B1_0/u/0/1_0.jpg"/>
<file href="media/panorama_CBCD6822_DB90_5C31_41E8_D76D0E29E1B1_0/u/0/1_1.jpg"/>
<file href="media/panorama_CBCD6822_DB90_5C31_41E8_D76D0E29E1B1_0/u/0/1_2.jpg"/>
<file href="media/panorama_CBCD6822_DB90_5C31_41E8_D76D0E29E1B1_0/u/0/2_0.jpg"/>
<file href="media/panorama_CBCD6822_DB90_5C31_41E8_D76D0E29E1B1_0/u/0/2_1.jpg"/>
<file href="media/panorama_CBCD6822_DB90_5C31_41E8_D76D0E29E1B1_0/u/0/2_2.jpg"/>
<file href="media/panorama_CB758832_DBB0_7C11_41E1_D49EC19CD9F2_0/f/2/0_0.jpg"/>
<file href="media/panorama_CA0D2937_DB90_5C1F_41C1_3A22D6FAEAF2_0/f/1/0_0.jpg"/>
<file href="media/panorama_CA0D2937_DB90_5C1F_41C1_3A22D6FAEAF2_0/f/1/0_1.jpg"/>
<file href="media/panorama_CA0D2937_DB90_5C1F_41C1_3A22D6FAEAF2_0/f/1/1_0.jpg"/>
<file href="media/panorama_CA0D2937_DB90_5C1F_41C1_3A22D6FAEAF2_0/f/1/1_1.jpg"/>
<file href="media/panorama_CA423771_DBB7_F413_41C3_0D355D63A920_0/d/0/0_0.jpg"/>
<file href="media/panorama_CA423771_DBB7_F413_41C3_0D355D63A920_0/d/0/0_1.jpg"/>
<file href="media/panorama_CA423771_DBB7_F413_41C3_0D355D63A920_0/d/0/0_2.jpg"/>
<file href="media/panorama_CA423771_DBB7_F413_41C3_0D355D63A920_0/d/0/1_0.jpg"/>
<file href="media/panorama_CA423771_DBB7_F413_41C3_0D355D63A920_0/d/0/1_1.jpg"/>
<file href="media/panorama_CA423771_DBB7_F413_41C3_0D355D63A920_0/d/0/1_2.jpg"/>
<file href="media/panorama_CA423771_DBB7_F413_41C3_0D355D63A920_0/d/0/2_0.jpg"/>
<file href="media/panorama_CA423771_DBB7_F413_41C3_0D355D63A920_0/d/0/2_1.jpg"/>
<file href="media/panorama_CA423771_DBB7_F413_41C3_0D355D63A920_0/d/0/2_2.jpg"/>
<file href="media/panorama_CBCD6822_DB90_5C31_41E8_D76D0E29E1B1_0/b/1/0_0.jpg"/>
<file href="media/panorama_CBCD6822_DB90_5C31_41E8_D76D0E29E1B1_0/b/1/0_1.jpg"/>
<file href="media/panorama_CBCD6822_DB90_5C31_41E8_D76D0E29E1B1_0/b/1/1_0.jpg"/>
<file href="media/panorama_CBCD6822_DB90_5C31_41E8_D76D0E29E1B1_0/b/1/1_1.jpg"/>
<file href="media/panorama_CA423771_DBB7_F413_41C3_0D355D63A920_0/r/1/0_0.jpg"/>
<file href="media/panorama_CA423771_DBB7_F413_41C3_0D355D63A920_0/r/1/0_1.jpg"/>
<file href="media/panorama_CA423771_DBB7_F413_41C3_0D355D63A920_0/r/1/1_0.jpg"/>
<file href="media/panorama_CA423771_DBB7_F413_41C3_0D355D63A920_0/r/1/1_1.jpg"/>
<file href="media/panorama_D4373514_DBB0_5411_41E3_3F811A9931A3_0/l/0/0_0.jpg"/>
<file href="media/panorama_D4373514_DBB0_5411_41E3_3F811A9931A3_0/l/0/0_1.jpg"/>
<file href="media/panorama_D4373514_DBB0_5411_41E3_3F811A9931A3_0/l/0/0_2.jpg"/>
<file href="media/panorama_D4373514_DBB0_5411_41E3_3F811A9931A3_0/l/0/1_0.jpg"/>
<file href="media/panorama_D4373514_DBB0_5411_41E3_3F811A9931A3_0/l/0/1_1.jpg"/>
<file href="media/panorama_D4373514_DBB0_5411_41E3_3F811A9931A3_0/l/0/1_2.jpg"/>
<file href="media/panorama_D4373514_DBB0_5411_41E3_3F811A9931A3_0/l/0/2_0.jpg"/>
<file href="media/panorama_D4373514_DBB0_5411_41E3_3F811A9931A3_0/l/0/2_1.jpg"/>
<file href="media/panorama_D4373514_DBB0_5411_41E3_3F811A9931A3_0/l/0/2_2.jpg"/>
<file href="media/panorama_CBFBDDCD_DB91_D473_41BC_ACAA1C31DBB5_0/r/2/0_0.jpg"/>
<file href="media/panorama_D4F951E6_DBB0_4C31_41C3_F5A2780BAC65_0/d/0/0_0.jpg"/>
<file href="media/panorama_D4F951E6_DBB0_4C31_41C3_F5A2780BAC65_0/d/0/0_1.jpg"/>
<file href="media/panorama_D4F951E6_DBB0_4C31_41C3_F5A2780BAC65_0/d/0/0_2.jpg"/>
<file href="media/panorama_D4F951E6_DBB0_4C31_41C3_F5A2780BAC65_0/d/0/1_0.jpg"/>
<file href="media/panorama_D4F951E6_DBB0_4C31_41C3_F5A2780BAC65_0/d/0/1_1.jpg"/>
<file href="media/panorama_D4F951E6_DBB0_4C31_41C3_F5A2780BAC65_0/d/0/1_2.jpg"/>
<file href="media/panorama_D4F951E6_DBB0_4C31_41C3_F5A2780BAC65_0/d/0/2_0.jpg"/>
<file href="media/panorama_D4F951E6_DBB0_4C31_41C3_F5A2780BAC65_0/d/0/2_1.jpg"/>
<file href="media/panorama_D4F951E6_DBB0_4C31_41C3_F5A2780BAC65_0/d/0/2_2.jpg"/>
<file href="media/panorama_D4373514_DBB0_5411_41E3_3F811A9931A3_0/d/2/0_0.jpg"/>
<file href="media/panorama_D4373514_DBB0_5411_41E3_3F811A9931A3_0/u/2/0_0.jpg"/>
<file href="media/panorama_CA0D2937_DB90_5C1F_41C1_3A22D6FAEAF2_0/l/1/0_0.jpg"/>
<file href="media/panorama_CA0D2937_DB90_5C1F_41C1_3A22D6FAEAF2_0/l/1/0_1.jpg"/>
<file href="media/panorama_CA0D2937_DB90_5C1F_41C1_3A22D6FAEAF2_0/l/1/1_0.jpg"/>
<file href="media/panorama_CA0D2937_DB90_5C1F_41C1_3A22D6FAEAF2_0/l/1/1_1.jpg"/>
<file href="media/panorama_CBFBDDCD_DB91_D473_41BC_ACAA1C31DBB5_0/l/1/0_0.jpg"/>
<file href="media/panorama_CBFBDDCD_DB91_D473_41BC_ACAA1C31DBB5_0/l/1/0_1.jpg"/>
<file href="media/panorama_CBFBDDCD_DB91_D473_41BC_ACAA1C31DBB5_0/l/1/1_0.jpg"/>
<file href="media/panorama_CBFBDDCD_DB91_D473_41BC_ACAA1C31DBB5_0/l/1/1_1.jpg"/>
<file href="media/panorama_D4373514_DBB0_5411_41E3_3F811A9931A3_0/b/0/0_0.jpg"/>
<file href="media/panorama_D4373514_DBB0_5411_41E3_3F811A9931A3_0/b/0/0_1.jpg"/>
<file href="media/panorama_D4373514_DBB0_5411_41E3_3F811A9931A3_0/b/0/0_2.jpg"/>
<file href="media/panorama_D4373514_DBB0_5411_41E3_3F811A9931A3_0/b/0/1_0.jpg"/>
<file href="media/panorama_D4373514_DBB0_5411_41E3_3F811A9931A3_0/b/0/1_1.jpg"/>
<file href="media/panorama_D4373514_DBB0_5411_41E3_3F811A9931A3_0/b/0/1_2.jpg"/>
<file href="media/panorama_D4373514_DBB0_5411_41E3_3F811A9931A3_0/b/0/2_0.jpg"/>
<file href="media/panorama_D4373514_DBB0_5411_41E3_3F811A9931A3_0/b/0/2_1.jpg"/>
<file href="media/panorama_D4373514_DBB0_5411_41E3_3F811A9931A3_0/b/0/2_2.jpg"/>
<file href="media/panorama_C9F9CB78_DB90_FC11_41E9_6E303CA66A0D_0/f/2/0_0.jpg"/>
<file href="media/panorama_D4A11BCC_DBB0_FC71_41D0_94884094A022_0/d/0/0_0.jpg"/>
<file href="media/panorama_D4A11BCC_DBB0_FC71_41D0_94884094A022_0/d/0/0_1.jpg"/>
<file href="media/panorama_D4A11BCC_DBB0_FC71_41D0_94884094A022_0/d/0/0_2.jpg"/>
<file href="media/panorama_D4A11BCC_DBB0_FC71_41D0_94884094A022_0/d/0/1_0.jpg"/>
<file href="media/panorama_D4A11BCC_DBB0_FC71_41D0_94884094A022_0/d/0/1_1.jpg"/>
<file href="media/panorama_D4A11BCC_DBB0_FC71_41D0_94884094A022_0/d/0/1_2.jpg"/>
<file href="media/panorama_D4A11BCC_DBB0_FC71_41D0_94884094A022_0/d/0/2_0.jpg"/>
<file href="media/panorama_D4A11BCC_DBB0_FC71_41D0_94884094A022_0/d/0/2_1.jpg"/>
<file href="media/panorama_D4A11BCC_DBB0_FC71_41D0_94884094A022_0/d/0/2_2.jpg"/>
<file href="media/panorama_CBFBDDCD_DB91_D473_41BC_ACAA1C31DBB5_0/l/2/0_0.jpg"/>
<file href="media/panorama_CBFBDDCD_DB91_D473_41BC_ACAA1C31DBB5_0/u/2/0_0.jpg"/>
<file href="media/panorama_CB758832_DBB0_7C11_41E1_D49EC19CD9F2_0/f/1/0_0.jpg"/>
<file href="media/panorama_CB758832_DBB0_7C11_41E1_D49EC19CD9F2_0/f/1/0_1.jpg"/>
<file href="media/panorama_CB758832_DBB0_7C11_41E1_D49EC19CD9F2_0/f/1/1_0.jpg"/>
<file href="media/panorama_CB758832_DBB0_7C11_41E1_D49EC19CD9F2_0/f/1/1_1.jpg"/>
<file href="media/panorama_D4F951E6_DBB0_4C31_41C3_F5A2780BAC65_0/r/0/0_0.jpg"/>
<file href="media/panorama_D4F951E6_DBB0_4C31_41C3_F5A2780BAC65_0/r/0/0_1.jpg"/>
<file href="media/panorama_D4F951E6_DBB0_4C31_41C3_F5A2780BAC65_0/r/0/0_2.jpg"/>
<file href="media/panorama_D4F951E6_DBB0_4C31_41C3_F5A2780BAC65_0/r/0/1_0.jpg"/>
<file href="media/panorama_D4F951E6_DBB0_4C31_41C3_F5A2780BAC65_0/r/0/1_1.jpg"/>
<file href="media/panorama_D4F951E6_DBB0_4C31_41C3_F5A2780BAC65_0/r/0/1_2.jpg"/>
<file href="media/panorama_D4F951E6_DBB0_4C31_41C3_F5A2780BAC65_0/r/0/2_0.jpg"/>
<file href="media/panorama_D4F951E6_DBB0_4C31_41C3_F5A2780BAC65_0/r/0/2_1.jpg"/>
<file href="media/panorama_D4F951E6_DBB0_4C31_41C3_F5A2780BAC65_0/r/0/2_2.jpg"/>
<file href="media/panorama_C9F9CB78_DB90_FC11_41E9_6E303CA66A0D_0/u/0/0_0.jpg"/>
<file href="media/panorama_C9F9CB78_DB90_FC11_41E9_6E303CA66A0D_0/u/0/0_1.jpg"/>
<file href="media/panorama_C9F9CB78_DB90_FC11_41E9_6E303CA66A0D_0/u/0/0_2.jpg"/>
<file href="media/panorama_C9F9CB78_DB90_FC11_41E9_6E303CA66A0D_0/u/0/1_0.jpg"/>
<file href="media/panorama_C9F9CB78_DB90_FC11_41E9_6E303CA66A0D_0/u/0/1_1.jpg"/>
<file href="media/panorama_C9F9CB78_DB90_FC11_41E9_6E303CA66A0D_0/u/0/1_2.jpg"/>
<file href="media/panorama_C9F9CB78_DB90_FC11_41E9_6E303CA66A0D_0/u/0/2_0.jpg"/>
<file href="media/panorama_C9F9CB78_DB90_FC11_41E9_6E303CA66A0D_0/u/0/2_1.jpg"/>
<file href="media/panorama_C9F9CB78_DB90_FC11_41E9_6E303CA66A0D_0/u/0/2_2.jpg"/>
<file href="media/panorama_CB758832_DBB0_7C11_41E1_D49EC19CD9F2_0/b/2/0_0.jpg"/>
<file href="media/panorama_CA0D2937_DB90_5C1F_41C1_3A22D6FAEAF2_0/f/0/0_0.jpg"/>
<file href="media/panorama_CA0D2937_DB90_5C1F_41C1_3A22D6FAEAF2_0/f/0/0_1.jpg"/>
<file href="media/panorama_CA0D2937_DB90_5C1F_41C1_3A22D6FAEAF2_0/f/0/0_2.jpg"/>
<file href="media/panorama_CA0D2937_DB90_5C1F_41C1_3A22D6FAEAF2_0/f/0/1_0.jpg"/>
<file href="media/panorama_CA0D2937_DB90_5C1F_41C1_3A22D6FAEAF2_0/f/0/1_1.jpg"/>
<file href="media/panorama_CA0D2937_DB90_5C1F_41C1_3A22D6FAEAF2_0/f/0/1_2.jpg"/>
<file href="media/panorama_CA0D2937_DB90_5C1F_41C1_3A22D6FAEAF2_0/f/0/2_0.jpg"/>
<file href="media/panorama_CA0D2937_DB90_5C1F_41C1_3A22D6FAEAF2_0/f/0/2_1.jpg"/>
<file href="media/panorama_CA0D2937_DB90_5C1F_41C1_3A22D6FAEAF2_0/f/0/2_2.jpg"/>
<file href="media/panorama_D4A11BCC_DBB0_FC71_41D0_94884094A022_0/l/0/0_0.jpg"/>
<file href="media/panorama_D4A11BCC_DBB0_FC71_41D0_94884094A022_0/l/0/0_1.jpg"/>
<file href="media/panorama_D4A11BCC_DBB0_FC71_41D0_94884094A022_0/l/0/0_2.jpg"/>
<file href="media/panorama_D4A11BCC_DBB0_FC71_41D0_94884094A022_0/l/0/1_0.jpg"/>
<file href="media/panorama_D4A11BCC_DBB0_FC71_41D0_94884094A022_0/l/0/1_1.jpg"/>
<file href="media/panorama_D4A11BCC_DBB0_FC71_41D0_94884094A022_0/l/0/1_2.jpg"/>
<file href="media/panorama_D4A11BCC_DBB0_FC71_41D0_94884094A022_0/l/0/2_0.jpg"/>
<file href="media/panorama_D4A11BCC_DBB0_FC71_41D0_94884094A022_0/l/0/2_1.jpg"/>
<file href="media/panorama_D4A11BCC_DBB0_FC71_41D0_94884094A022_0/l/0/2_2.jpg"/>
<file href="media/panorama_C9F9CB78_DB90_FC11_41E9_6E303CA66A0D_0/d/0/0_0.jpg"/>
<file href="media/panorama_C9F9CB78_DB90_FC11_41E9_6E303CA66A0D_0/d/0/0_1.jpg"/>
<file href="media/panorama_C9F9CB78_DB90_FC11_41E9_6E303CA66A0D_0/d/0/0_2.jpg"/>
<file href="media/panorama_C9F9CB78_DB90_FC11_41E9_6E303CA66A0D_0/d/0/1_0.jpg"/>
<file href="media/panorama_C9F9CB78_DB90_FC11_41E9_6E303CA66A0D_0/d/0/1_1.jpg"/>
<file href="media/panorama_C9F9CB78_DB90_FC11_41E9_6E303CA66A0D_0/d/0/1_2.jpg"/>
<file href="media/panorama_C9F9CB78_DB90_FC11_41E9_6E303CA66A0D_0/d/0/2_0.jpg"/>
<file href="media/panorama_C9F9CB78_DB90_FC11_41E9_6E303CA66A0D_0/d/0/2_1.jpg"/>
<file href="media/panorama_C9F9CB78_DB90_FC11_41E9_6E303CA66A0D_0/d/0/2_2.jpg"/>
<file href="media/panorama_C9F9CB78_DB90_FC11_41E9_6E303CA66A0D_0/f/0/0_0.jpg"/>
<file href="media/panorama_C9F9CB78_DB90_FC11_41E9_6E303CA66A0D_0/f/0/0_1.jpg"/>
<file href="media/panorama_C9F9CB78_DB90_FC11_41E9_6E303CA66A0D_0/f/0/0_2.jpg"/>
<file href="media/panorama_C9F9CB78_DB90_FC11_41E9_6E303CA66A0D_0/f/0/1_0.jpg"/>
<file href="media/panorama_C9F9CB78_DB90_FC11_41E9_6E303CA66A0D_0/f/0/1_1.jpg"/>
<file href="media/panorama_C9F9CB78_DB90_FC11_41E9_6E303CA66A0D_0/f/0/1_2.jpg"/>
<file href="media/panorama_C9F9CB78_DB90_FC11_41E9_6E303CA66A0D_0/f/0/2_0.jpg"/>
<file href="media/panorama_C9F9CB78_DB90_FC11_41E9_6E303CA66A0D_0/f/0/2_1.jpg"/>
<file href="media/panorama_C9F9CB78_DB90_FC11_41E9_6E303CA66A0D_0/f/0/2_2.jpg"/>
<file href="media/panorama_CB758832_DBB0_7C11_41E1_D49EC19CD9F2_0/l/1/0_0.jpg"/>
<file href="media/panorama_CB758832_DBB0_7C11_41E1_D49EC19CD9F2_0/l/1/0_1.jpg"/>
<file href="media/panorama_CB758832_DBB0_7C11_41E1_D49EC19CD9F2_0/l/1/1_0.jpg"/>
<file href="media/panorama_CB758832_DBB0_7C11_41E1_D49EC19CD9F2_0/l/1/1_1.jpg"/>
<file href="media/panorama_CA423771_DBB7_F413_41C3_0D355D63A920_0/f/1/0_0.jpg"/>
<file href="media/panorama_CA423771_DBB7_F413_41C3_0D355D63A920_0/f/1/0_1.jpg"/>
<file href="media/panorama_CA423771_DBB7_F413_41C3_0D355D63A920_0/f/1/1_0.jpg"/>
<file href="media/panorama_CA423771_DBB7_F413_41C3_0D355D63A920_0/f/1/1_1.jpg"/>
<file href="media/panorama_C9F9CB78_DB90_FC11_41E9_6E303CA66A0D_0/r/2/0_0.jpg"/>
<file href="media/panorama_D4373514_DBB0_5411_41E3_3F811A9931A3_0/r/2/0_0.jpg"/>
<file href="media/panorama_CB758832_DBB0_7C11_41E1_D49EC19CD9F2_0/b/1/0_0.jpg"/>
<file href="media/panorama_CB758832_DBB0_7C11_41E1_D49EC19CD9F2_0/b/1/0_1.jpg"/>
<file href="media/panorama_CB758832_DBB0_7C11_41E1_D49EC19CD9F2_0/b/1/1_0.jpg"/>
<file href="media/panorama_CB758832_DBB0_7C11_41E1_D49EC19CD9F2_0/b/1/1_1.jpg"/>
<file href="media/panorama_D4A11BCC_DBB0_FC71_41D0_94884094A022_0/r/0/0_0.jpg"/>
<file href="media/panorama_D4A11BCC_DBB0_FC71_41D0_94884094A022_0/r/0/0_1.jpg"/>
<file href="media/panorama_D4A11BCC_DBB0_FC71_41D0_94884094A022_0/r/0/0_2.jpg"/>
<file href="media/panorama_D4A11BCC_DBB0_FC71_41D0_94884094A022_0/r/0/1_0.jpg"/>
<file href="media/panorama_D4A11BCC_DBB0_FC71_41D0_94884094A022_0/r/0/1_1.jpg"/>
<file href="media/panorama_D4A11BCC_DBB0_FC71_41D0_94884094A022_0/r/0/1_2.jpg"/>
<file href="media/panorama_D4A11BCC_DBB0_FC71_41D0_94884094A022_0/r/0/2_0.jpg"/>
<file href="media/panorama_D4A11BCC_DBB0_FC71_41D0_94884094A022_0/r/0/2_1.jpg"/>
<file href="media/panorama_D4A11BCC_DBB0_FC71_41D0_94884094A022_0/r/0/2_2.jpg"/>
<file href="media/panorama_CBFBDDCD_DB91_D473_41BC_ACAA1C31DBB5_0/f/2/0_0.jpg"/>
<file href="media/panorama_D4A11BCC_DBB0_FC71_41D0_94884094A022_0/f/2/0_0.jpg"/>
<file href="media/panorama_D4A11BCC_DBB0_FC71_41D0_94884094A022_0/l/1/0_0.jpg"/>
<file href="media/panorama_D4A11BCC_DBB0_FC71_41D0_94884094A022_0/l/1/0_1.jpg"/>
<file href="media/panorama_D4A11BCC_DBB0_FC71_41D0_94884094A022_0/l/1/1_0.jpg"/>
<file href="media/panorama_D4A11BCC_DBB0_FC71_41D0_94884094A022_0/l/1/1_1.jpg"/>
<file href="media/panorama_CBFBDDCD_DB91_D473_41BC_ACAA1C31DBB5_0/d/1/0_0.jpg"/>
<file href="media/panorama_CBFBDDCD_DB91_D473_41BC_ACAA1C31DBB5_0/d/1/0_1.jpg"/>
<file href="media/panorama_CBFBDDCD_DB91_D473_41BC_ACAA1C31DBB5_0/d/1/1_0.jpg"/>
<file href="media/panorama_CBFBDDCD_DB91_D473_41BC_ACAA1C31DBB5_0/d/1/1_1.jpg"/>
<file href="media/panorama_CA423771_DBB7_F413_41C3_0D355D63A920_0/b/0/0_0.jpg"/>
<file href="media/panorama_CA423771_DBB7_F413_41C3_0D355D63A920_0/b/0/0_1.jpg"/>
<file href="media/panorama_CA423771_DBB7_F413_41C3_0D355D63A920_0/b/0/0_2.jpg"/>
<file href="media/panorama_CA423771_DBB7_F413_41C3_0D355D63A920_0/b/0/1_0.jpg"/>
<file href="media/panorama_CA423771_DBB7_F413_41C3_0D355D63A920_0/b/0/1_1.jpg"/>
<file href="media/panorama_CA423771_DBB7_F413_41C3_0D355D63A920_0/b/0/1_2.jpg"/>
<file href="media/panorama_CA423771_DBB7_F413_41C3_0D355D63A920_0/b/0/2_0.jpg"/>
<file href="media/panorama_CA423771_DBB7_F413_41C3_0D355D63A920_0/b/0/2_1.jpg"/>
<file href="media/panorama_CA423771_DBB7_F413_41C3_0D355D63A920_0/b/0/2_2.jpg"/>
<file href="media/panorama_CBCD6822_DB90_5C31_41E8_D76D0E29E1B1_0/l/2/0_0.jpg"/>
<file href="media/panorama_CA0D2937_DB90_5C1F_41C1_3A22D6FAEAF2_0/f/2/0_0.jpg"/>
<file href="media/panorama_CA423771_DBB7_F413_41C3_0D355D63A920_0/b/2/0_0.jpg"/>
<file href="media/panorama_CA0D2937_DB90_5C1F_41C1_3A22D6FAEAF2_0/r/1/0_0.jpg"/>
<file href="media/panorama_CA0D2937_DB90_5C1F_41C1_3A22D6FAEAF2_0/r/1/0_1.jpg"/>
<file href="media/panorama_CA0D2937_DB90_5C1F_41C1_3A22D6FAEAF2_0/r/1/1_0.jpg"/>
<file href="media/panorama_CA0D2937_DB90_5C1F_41C1_3A22D6FAEAF2_0/r/1/1_1.jpg"/>
<file href="media/panorama_D4A11BCC_DBB0_FC71_41D0_94884094A022_0/l/2/0_0.jpg"/>
<file href="media/panorama_D4373514_DBB0_5411_41E3_3F811A9931A3_0/u/1/0_0.jpg"/>
<file href="media/panorama_D4373514_DBB0_5411_41E3_3F811A9931A3_0/u/1/0_1.jpg"/>
<file href="media/panorama_D4373514_DBB0_5411_41E3_3F811A9931A3_0/u/1/1_0.jpg"/>
<file href="media/panorama_D4373514_DBB0_5411_41E3_3F811A9931A3_0/u/1/1_1.jpg"/>
<file href="media/panorama_CBFBDDCD_DB91_D473_41BC_ACAA1C31DBB5_0/d/2/0_0.jpg"/>
<file href="media/panorama_CA423771_DBB7_F413_41C3_0D355D63A920_0/l/1/0_0.jpg"/>
<file href="media/panorama_CA423771_DBB7_F413_41C3_0D355D63A920_0/l/1/0_1.jpg"/>
<file href="media/panorama_CA423771_DBB7_F413_41C3_0D355D63A920_0/l/1/1_0.jpg"/>
<file href="media/panorama_CA423771_DBB7_F413_41C3_0D355D63A920_0/l/1/1_1.jpg"/>
<file href="media/panorama_C9F9CB78_DB90_FC11_41E9_6E303CA66A0D_0/l/2/0_0.jpg"/>
<file href="media/panorama_D4F951E6_DBB0_4C31_41C3_F5A2780BAC65_0/b/2/0_0.jpg"/>
<file href="media/panorama_D4373514_DBB0_5411_41E3_3F811A9931A3_0/f/2/0_0.jpg"/>
<file href="media/panorama_CBFBDDCD_DB91_D473_41BC_ACAA1C31DBB5_0/u/1/0_0.jpg"/>
<file href="media/panorama_CBFBDDCD_DB91_D473_41BC_ACAA1C31DBB5_0/u/1/0_1.jpg"/>
<file href="media/panorama_CBFBDDCD_DB91_D473_41BC_ACAA1C31DBB5_0/u/1/1_0.jpg"/>
<file href="media/panorama_CBFBDDCD_DB91_D473_41BC_ACAA1C31DBB5_0/u/1/1_1.jpg"/>
<file href="media/panorama_D4F951E6_DBB0_4C31_41C3_F5A2780BAC65_0/r/2/0_0.jpg"/>
<file href="media/panorama_D4A11BCC_DBB0_FC71_41D0_94884094A022_0/b/2/0_0.jpg"/>
<file href="media/panorama_D4F951E6_DBB0_4C31_41C3_F5A2780BAC65_0/u/2/0_0.jpg"/>
<file href="media/panorama_C9F9CB78_DB90_FC11_41E9_6E303CA66A0D_0/b/2/0_0.jpg"/>
<file href="media/panorama_CBCD6822_DB90_5C31_41E8_D76D0E29E1B1_0/f/0/0_0.jpg"/>
<file href="media/panorama_CBCD6822_DB90_5C31_41E8_D76D0E29E1B1_0/f/0/0_1.jpg"/>
<file href="media/panorama_CBCD6822_DB90_5C31_41E8_D76D0E29E1B1_0/f/0/0_2.jpg"/>
<file href="media/panorama_CBCD6822_DB90_5C31_41E8_D76D0E29E1B1_0/f/0/1_0.jpg"/>
<file href="media/panorama_CBCD6822_DB90_5C31_41E8_D76D0E29E1B1_0/f/0/1_1.jpg"/>
<file href="media/panorama_CBCD6822_DB90_5C31_41E8_D76D0E29E1B1_0/f/0/1_2.jpg"/>
<file href="media/panorama_CBCD6822_DB90_5C31_41E8_D76D0E29E1B1_0/f/0/2_0.jpg"/>
<file href="media/panorama_CBCD6822_DB90_5C31_41E8_D76D0E29E1B1_0/f/0/2_1.jpg"/>
<file href="media/panorama_CBCD6822_DB90_5C31_41E8_D76D0E29E1B1_0/f/0/2_2.jpg"/>
<file href="media/panorama_CBCD6822_DB90_5C31_41E8_D76D0E29E1B1_0/r/0/0_0.jpg"/>
<file href="media/panorama_CBCD6822_DB90_5C31_41E8_D76D0E29E1B1_0/r/0/0_1.jpg"/>
<file href="media/panorama_CBCD6822_DB90_5C31_41E8_D76D0E29E1B1_0/r/0/0_2.jpg"/>
<file href="media/panorama_CBCD6822_DB90_5C31_41E8_D76D0E29E1B1_0/r/0/1_0.jpg"/>
<file href="media/panorama_CBCD6822_DB90_5C31_41E8_D76D0E29E1B1_0/r/0/1_1.jpg"/>
<file href="media/panorama_CBCD6822_DB90_5C31_41E8_D76D0E29E1B1_0/r/0/1_2.jpg"/>
<file href="media/panorama_CBCD6822_DB90_5C31_41E8_D76D0E29E1B1_0/r/0/2_0.jpg"/>
<file href="media/panorama_CBCD6822_DB90_5C31_41E8_D76D0E29E1B1_0/r/0/2_1.jpg"/>
<file href="media/panorama_CBCD6822_DB90_5C31_41E8_D76D0E29E1B1_0/r/0/2_2.jpg"/>
<file href="media/panorama_D4F951E6_DBB0_4C31_41C3_F5A2780BAC65_0/l/2/0_0.jpg"/>
<file href="media/panorama_D4F951E6_DBB0_4C31_41C3_F5A2780BAC65_0/f/2/0_0.jpg"/>
<file href="media/panorama_CB758832_DBB0_7C11_41E1_D49EC19CD9F2_0/u/1/0_0.jpg"/>
<file href="media/panorama_CB758832_DBB0_7C11_41E1_D49EC19CD9F2_0/u/1/0_1.jpg"/>
<file href="media/panorama_CB758832_DBB0_7C11_41E1_D49EC19CD9F2_0/u/1/1_0.jpg"/>
<file href="media/panorama_CB758832_DBB0_7C11_41E1_D49EC19CD9F2_0/u/1/1_1.jpg"/>
<file href="media/panorama_CBCD6822_DB90_5C31_41E8_D76D0E29E1B1_0/f/2/0_0.jpg"/>
<file href="media/panorama_D4A11BCC_DBB0_FC71_41D0_94884094A022_0/u/2/0_0.jpg"/>
<file href="media/panorama_CA0D2937_DB90_5C1F_41C1_3A22D6FAEAF2_0/l/2/0_0.jpg"/>
<file href="media/panorama_CBCD6822_DB90_5C31_41E8_D76D0E29E1B1_0/b/2/0_0.jpg"/>
        </resource>
    </resources>
</manifest>
